Item_Identifier,Item_Type,Item_MRP,Sales,Outlet_Identifier,Outlet_Type,Outlet_Establishment_Year
FDA15,Clothing,329.39,1309,a0a693b0-a57f-4add-864c-6b62c61be866,Fashion Store,1996
DRC01,Food,185.3,9355,87800b3b-bff4-4ebb-97e4-4251066a34ac,Fashion Store,2003
FDN15,Appliances,276.56,5115,383cee2a-76eb-4f41-ab72-e0abb65dcc7a,Electronics Store,2018
FDX07,Appliances,204.45,5220,8a566a82-8991-4350-a8b1-bd6c54b7159b,Online,1992
NCD19,Food,226.34,575,8670b324-bca6-4571-b967-fa381cb5fc5a,Supermarket,2017
FDP36,Food,437.12,6983,c6cb2719-e8ff-4aae-a1ea-d10822bec06e,Online,2007
FDO10,Clothing,167.08,8320,030eb21b-edfd-49bb-b6cf-813d5585c7bb,Online,1992
FDP10,Electronics,354.4,6329,f6c47f52-f686-43bd-bfca-38b4ecdf710a,Fashion Store,2009
FDH17,Electronics,374.16,4665,5bebef9e-8dcd-4ada-b891-4a966e0da4bb,Supermarket,2016
FDU28,Electronics,226.41,7939,2cbb1387-b8fd-472d-890a-8c3961d210c3,Online,1994
FDY07,Appliances,275.81,6016,192486ae-a7ba-4f13-a481-bd69da5ec710,Online,2017
FDA03,Food,274.88,9074,544bc977-a854-499c-9b97-33f7ba9f5a00,Electronics Store,2010
FDX32,Appliances,224.1,1678,c55d8c78-1945-46fb-8f51-3b30a7f27767,Supermarket,2001
FDS46,Clothing,285.39,6044,2e6aa684-bec7-400a-9d2a-971284555f69,Electronics Store,1991
FDF32,Electronics,418.22,2962,6ecf8974-9a78-4e7c-a325-bc0cdc984f62,Electronics Store,2010
FDP49,Electronics,268.21,8727,383bc74c-c585-4eac-ba54-adedd2278249,Electronics Store,1997
NCB42,Food,67.57,1203,06e2303f-521e-4a8d-a41d-2a52550ad647,Supermarket,2017
FDP49,Electronics,154.48,3479,3f671a97-1c42-4805-9ace-a821f8cc535e,Fashion Store,1994
DRI11,Clothing,253.23,1119,ecd6239b-44ba-4893-b94b-47ced23e834e,Electronics Store,2006
FDU02,Food,365.79,3126,10bb7b38-da2c-4fc3-9377-f1d0f747b2cd,Fashion Store,2015
FDN22,Food,171.09,8274,4f85d833-f0e4-4ab3-a898-9239e9cc4075,Electronics Store,2001
FDW12,Clothing,441.14,6079,f74f5753-2af6-4704-b2ed-8c953bf7b7f3,Supermarket,2005
NCB30,Food,268.59,5659,a767ffae-ce04-483b-b6f2-68b693089d40,Electronics Store,2001
FDC37,Food,191.73,1517,3377f74f-4d99-44d1-9267-42a0d173ddbb,Fashion Store,1990
FDR28,Clothing,196.39,6525,2a171017-e312-4ab9-a4ce-8371328ea07d,Electronics Store,2001
NCD06,Appliances,475.88,3192,d1622c10-0215-42d4-a976-12f946895a8f,Supermarket,2015
FDV10,Electronics,202.86,5649,9ca87e80-c8d5-455f-a9e4-d43dfea9eae9,Online,2013
DRJ59,Appliances,465.79,3898,73289990-46c6-496a-851a-9ade1249cf28,Supermarket,2001
FDE51,Electronics,482.74,5620,f39c1148-6318-4148-887e-581d945a8e4a,Online,2017
FDC14,Electronics,300.3,7465,e1365881-5a3a-4abe-b557-49a51e024303,Online,2001
FDV38,Food,100.82,7268,84728f19-56ab-4c9b-b8e4-508da335b65d,Electronics Store,2010
NCS17,Electronics,421.63,6167,a3943e5a-f159-47f9-89a6-526d57e48b43,Supermarket,2000
FDP33,Clothing,287.14,7849,7633eb2f-9855-4eeb-8acf-e7a955c4b152,Electronics Store,2002
FDO23,Appliances,470.56,8718,42abd150-e42d-4d59-aad4-264d084cb752,Online,2012
DRH01,Food,397.17,8674,286c0560-2ad4-4556-a3fc-0dd6fa80a80a,Supermarket,1990
NCX29,Appliances,145.42,7986,786e4481-3c45-4666-a066-dea8e438197f,Electronics Store,1990
FDV20,Food,327.78,1515,3e78259d-7078-4d90-9862-3c0a618dfa40,Fashion Store,2010
DRZ11,Appliances,457.79,104,c196e631-9d6c-4b4f-a670-11a6938f9201,Electronics Store,2001
FDX10,Electronics,52.85,1307,810c2ad0-2359-4e7b-80cb-d000902b3fef,Fashion Store,1994
FDB34,Electronics,164.32,2973,62ada448-a7b5-4046-9d29-fbb88acecd7c,Supermarket,2011
FDU02,Appliances,221.42,4264,345198fe-74d3-4eb6-8282-12f10f2abd6d,Electronics Store,2013
FDK43,Electronics,470.33,5361,563d6d38-9fc3-4228-85f5-8d205c045e55,Online,1990
FDA46,Food,429.76,4344,cfe0a9c7-e84c-41b9-9a04-1e573088e9e2,Supermarket,2014
FDC02,Electronics,449.8,444,938b325f-f2f8-4385-81b0-a114bbdea50f,Fashion Store,2009
FDL50,Appliances,326.38,1856,598895e2-58e7-4400-aa58-fc966b6fbacf,Supermarket,2000
FDM39,Clothing,113.35,5164,5d4492ef-1dad-408b-996c-23860b3cf195,Fashion Store,2015
NCP05,Appliances,175.23,2243,3049eacb-c30d-4857-b4ad-1a0ae325fd72,Electronics Store,1994
FDV49,Food,410.61,1198,22ff2269-02b6-4ee6-b4d6-2dbc24117198,Fashion Store,2004
FDL12,Appliances,367.69,9205,108aee0e-0438-46c8-a1af-77d319742f37,Electronics Store,2019
FDS02,Food,140.6,8583,0c058041-15a2-43e0-b842-4470231bd163,Electronics Store,2004
NCL17,Appliances,241.22,8841,19aacaf8-5ee2-403b-b953-6b6581b80a37,Electronics Store,1990
FDM40,Food,466.76,8586,8be1f00a-8e55-4bb1-86c7-fd54ef1ef193,Fashion Store,2001
FDR13,Food,439.76,5205,35ad0c85-9ed1-4caa-b697-c0c4f39c7bde,Online,2004
FDA43,Clothing,492.34,2279,423073ee-4ab9-451c-a42c-4fd09b3349e5,Online,1996
NCP18,Electronics,304.57,9281,ed6bca1b-fef1-4e24-949e-d5b3d9922f72,Supermarket,1997
FDK21,Food,217.8,597,b584f855-0fc6-43f5-b04d-c6000a5e9609,Online,2010
NCX54,Appliances,120.96,6543,ca484427-c3de-4e00-8730-a8823b5ea077,Online,1992
DRK35,Clothing,478.83,6196,ce803a55-e480-4314-8dcb-bbd5d0b5dc49,Online,2000
FDY21,Appliances,93.52,9902,75a000c2-6984-465a-9575-1c9104cdbee4,Electronics Store,2009
FDI26,Appliances,156.48,2540,da05ff4f-5a3f-4f55-97d0-60949970fcb1,Fashion Store,1993
FDM20,Clothing,204,1964,2a68bc72-5c9c-4718-b286-2f348f299e21,Fashion Store,2006
FDV27,Food,114.61,7493,544e75d2-a873-4465-be20-465a49e021fc,Electronics Store,2005
FDF09,Food,174.25,2243,83e22f5c-4ae4-4cd9-8992-cc9f239a0801,Supermarket,1998
FDY40,Clothing,126.56,3896,027a3711-4537-4859-a5fe-e2cddb378e61,Supermarket,2004
FDY45,Food,391.92,5695,b0a92254-95fa-4f00-908f-8ab63318ab6f,Fashion Store,1991
FDC46,Clothing,185.74,879,2d20a99c-d307-4f28-908f-16a8dfc80b4a,Supermarket,2012
FDH19,Electronics,85.03,4135,a25fabe8-98cd-4747-9ba8-f9739aec5d57,Supermarket,1998
FDZ03,Electronics,443.98,7246,4d06d09d-a1e9-4fe9-9917-86adaa283672,Supermarket,2017
DRH37,Electronics,224.87,2719,9d57f6a6-d824-4e40-8b67-c0bdb39805d9,Supermarket,1998
NCI17,Electronics,58.17,453,6ba97258-3927-426f-916f-99c533b8e26f,Supermarket,2012
FDJ58,Food,139.06,1853,6fa99eee-f28f-4cf0-9d26-1b6398a34db8,Online,2005
FDL12,Electronics,319.43,9303,a05d5e08-6ef7-41bf-8130-5689500853ae,Fashion Store,2020
FDH35,Food,107.45,9219,e36a627a-92ef-4bac-9df2-08b247818511,Supermarket,1996
FDG02,Electronics,203.29,7654,7cb6e6f5-b0f5-4ef4-a151-68e9c434a526,Electronics Store,1998
NCZ18,Food,364.28,3385,89aed5cf-c5ca-4db8-a7f0-a5da80db915f,Fashion Store,1998
FDC29,Electronics,158.98,3829,2886adb4-3b84-44b3-b3b1-179663a22166,Online,2001
FDQ10,Electronics,474.15,4249,995145e1-fa44-4b9b-8da5-e1fb2e574198,Supermarket,1994
FDN48,Appliances,481.16,5119,f077503e-29b1-4f3e-a347-9c8977ba4abf,Electronics Store,1998
FDL04,Food,496.9,1368,3905d43d-de9b-4ad0-b611-b70790decaa2,Supermarket,2002
FDV25,Electronics,308.1,1449,f43f22b6-92c4-4586-9b97-40a9d83d6d85,Electronics Store,1993
FDD58,Clothing,386.79,1693,7295fc02-45a4-42e3-822d-21c65d739586,Online,1997
FDN04,Clothing,112.39,2650,a1f483e9-78c8-4993-856e-160d8de22c9c,Supermarket,2001
FDV45,Electronics,301.56,7824,3235cde7-b766-46d2-ab80-2000634712cb,Supermarket,1991
NCL18,Electronics,254.24,104,368cb5c6-0334-403c-a480-0a729d10eb14,Electronics Store,1998
FDR12,Food,161.03,4645,ba374fa7-4aff-41d1-ab07-a69022a90b48,Electronics Store,2019
FDG20,Clothing,225.42,5755,046c6757-0862-42e5-94f3-56cb003f8514,Fashion Store,2018
FDZ55,Clothing,134.73,4663,65bc2068-2409-49f1-930f-ea85a78d6c46,Fashion Store,2016
FDQ49,Appliances,311.76,9730,321ac4ec-4105-4c15-9257-96d6908fb030,Fashion Store,2009
FDN33,Clothing,335.83,5923,f25c28ae-82d8-4a9a-b87a-b910655f7adc,Electronics Store,1998
FDN27,Appliances,109.67,471,db7e8236-981d-4867-9d49-87d7dc98d7c3,Online,1997
FDW20,Appliances,264.62,7621,27dd64eb-675c-4200-9ffa-2969591a126f,Supermarket,2005
DRG27,Clothing,459.33,3676,91d82586-a2ce-4803-a3ba-d89692ccf0bf,Fashion Store,2005
DRI25,Electronics,476.91,351,29c48011-208d-4327-a9c1-c7d610041ef7,Online,1997
FDA44,Food,423.75,356,8f2ac21d-d31b-42d4-9844-efdad7f74d5f,Online,2002
NCR17,Appliances,119.62,9352,3baf18c8-f2d8-4fc3-9592-071343b40c5c,Supermarket,1998
FDU04,Food,236.65,673,dfe0b6f8-42b1-4ade-a8f4-74f2255be9cc,Electronics Store,2014
FDF41,Electronics,250.04,8450,cbf41737-6a82-493f-8952-aa32670325d4,Online,2004
FDB56,Food,240.42,9928,efbb4dd2-b9a7-49cc-8d8f-09203f9e0a57,Fashion Store,1998
NCP18,Food,492.56,5439,674c3b2e-ed0a-4be3-8258-3d2839c9c2ae,Online,2016
FDB56,Electronics,106.8,469,8dce4c91-805d-4073-9258-fb2f7b9190b9,Electronics Store,1990
FDT28,Electronics,484.15,8533,ee2bf702-81ac-43f8-aaef-bd9b2b43933c,Electronics Store,1995
FDD10,Electronics,118.6,8019,c922ecd2-3122-4b56-bd7e-5440824ac0c3,Online,2009
FDW57,Food,263.7,6176,965561a9-4d32-41d2-84dc-e909e62f28d7,Supermarket,2010
DRB48,Appliances,416.79,5435,e551a6e7-eed7-4c77-92d1-28f85dba7693,Supermarket,1992
FDP09,Appliances,428.06,1945,14bd9344-c786-4fd4-87a6-c058f4cb9411,Online,2006
FDH14,Electronics,104.95,3366,55ffa725-cd1e-4c75-9558-75eb5e63faf6,Online,2009
FDA47,Electronics,359.74,8914,b7ee6f7e-a4c6-4df9-a80d-908902c52b72,Electronics Store,2003
FDG12,Clothing,354.28,3022,4bef415b-5451-40b5-a9c5-a2fa028490c3,Supermarket,2018
DRE60,Appliances,175.63,8671,464efc03-5f4c-40da-b4bf-688ee2b5bd43,Electronics Store,2014
DRK49,Clothing,330.01,6481,c837a8d9-e2d7-4c89-971d-2a70627f8222,Online,2006
FDD03,Clothing,66.01,9886,7e6deebd-e0e4-40c9-b3dd-9c170cb3aa3e,Online,2018
FDS52,Electronics,240.36,2082,f009040e-8b7c-464b-920f-46a77844a65c,Supermarket,1999
FDW39,Appliances,395.35,2090,85b08c78-23e9-464b-a6e4-9f956a889c58,Supermarket,2001
FDX34,Electronics,62.17,3185,4b5c1420-5c48-446c-9688-9a65b46a7b8b,Supermarket,2001
FDV11,Food,116.69,180,0383af98-468f-468c-a274-083edcaa4568,Online,2005
FDD17,Food,203.37,8507,edddc5c6-68b7-4525-8bec-19e380846a37,Fashion Store,2000
FDZ16,Clothing,80.38,7982,7f4f8876-db46-4aa7-9add-99ba627a2090,Fashion Store,2013
FDZ46,Clothing,190.03,3252,a0b1b764-7f20-474e-b475-80783fc335c6,Fashion Store,2014
DRA12,Electronics,221.4,4224,9f762841-1ed6-4484-86a3-8981a4a287c6,Online,2020
FDY58,Appliances,260.37,6462,aa52a0cf-ba19-48a9-bee1-7fc4f27cc47f,Electronics Store,1997
NCF19,Food,321.11,8075,15810ea0-b1ff-4db4-888a-f1528b2d6d46,Electronics Store,2017
DRJ13,Clothing,134.94,3592,9582aa98-ec88-48b9-9f07-3022b24f7c9a,Supermarket,2011
FDB14,Electronics,94.17,9219,05dad05e-f767-4795-a420-d7e5df086c5f,Fashion Store,2008
FDJ38,Electronics,137.73,1074,449d486e-65ac-4a76-8690-df5ba6ac217c,Supermarket,2017
FDW11,Food,158.12,3658,1fdec842-4e6d-4a2b-9584-3b1abf00592d,Online,1999
FDL40,Food,361.05,3928,a52e1726-2ef9-431d-88f2-99cb94b15234,Fashion Store,2011
DRI49,Clothing,391.36,2657,4944c256-e602-4d35-9967-90313f0989d8,Online,2010
FDV38,Clothing,430.23,8105,896338b6-c4de-45ae-a748-5b237ecef0c7,Supermarket,2000
DRG23,Appliances,54.56,7366,2da8a321-619b-476f-b4b5-88f9cc4e6672,Fashion Store,1998
NCP30,Food,367.92,2433,d19d5d08-682b-4697-b2ce-9a41ddb3cbb8,Electronics Store,2010
FDY25,Food,474.02,9281,2f9a46ab-c8fd-4ec3-a8f7-e06b08ddc70c,Online,2007
NCH54,Food,395.35,1493,5ccfba8a-c8a1-4e2c-8d1a-4a4178352524,Supermarket,2018
NCR53,Food,377.7,7268,136e7695-7233-436c-a087-df748dabc92f,Online,1991
FDS52,Food,349.6,9745,55ca2c4c-96e6-44ac-aa93-17762d37c939,Supermarket,2011
FDG02,Electronics,286.3,3046,c4733fa0-0239-49c2-85c4-9b2ec59a11c8,Fashion Store,2002
NCO26,Food,463.79,9828,863ba09c-7654-4163-ad91-303afda9731f,Electronics Store,2009
FDH35,Food,58.74,8708,5f584224-e3e0-490e-896d-c069c114efd5,Fashion Store,2010
FDB51,Appliances,119.72,2151,a4ee8cf8-4a81-4299-ac58-ae8964ecc6a0,Online,2005
FDX44,Clothing,258.09,706,5d21a625-903d-4d34-8671-bb911b22534c,Electronics Store,2016
NCN07,Clothing,262.51,4299,2585a941-cf72-41df-9910-fd37b176cc00,Electronics Store,1997
NCC31,Food,294.39,9152,e79a62f4-b74f-4550-a95e-36a07b12aa76,Online,2018
NCX54,Food,425.23,4586,679171a7-c4aa-4eaa-9f99-e9e706b2f5bc,Fashion Store,1999
NCO55,Appliances,251.67,1450,9174f780-1e72-4a4d-8a2a-2f3f78d40044,Fashion Store,1998
NCC30,Food,448.4,1218,7b0375b8-2bfa-4242-a79f-b07092f504b2,Electronics Store,2007
FDI16,Food,485.64,2597,653fc77f-b6d4-4851-a2aa-17dff9985eb0,Online,2002
FDP16,Clothing,207.15,4292,fa54e9d9-1edb-4257-9a37-8cad9250caec,Online,2007
FDB11,Appliances,467.54,9471,388c9eca-dfc7-4591-b503-594fb298c9ff,Supermarket,2007
NCB06,Food,410.85,2621,5eabcfbe-1ba3-43b2-af96-e64aa905fa40,Electronics Store,2015
FDA45,Clothing,284,8630,5cb0193e-1a16-423f-a34e-2cfdc5c7b3e8,Online,2015
NCO26,Electronics,265.64,3008,f96f839b-4b7e-4b0c-a773-9d8f4aadb260,Fashion Store,2015
DRJ25,Electronics,379.77,8402,a63fedf9-4c3d-46df-b58e-fb58d7579211,Online,2009
FDR28,Food,194.39,5453,1abfaeae-a4b9-42b7-aadc-8bfac205e6c0,Supermarket,1990
FDI04,Appliances,214.55,2891,a936fdd8-b493-45e7-97b0-4c350aeed708,Online,2000
DRK12,Appliances,310.65,9914,45ee3f3e-795a-4c31-a151-7d2c4f712f13,Supermarket,2000
FDX20,Electronics,301.45,8149,f521dadf-4dbd-4dea-8fa0-ef4b5a92a9d9,Electronics Store,2003
NCI18,Electronics,96.98,4969,23e9abdf-0b2a-4898-82cd-fac865ac2888,Electronics Store,2005
FDB36,Appliances,55.14,9556,31e5915a-5f66-486b-99f0-3ebc01c3d9bd,Fashion Store,2017
FDN13,Electronics,270.91,6872,e23edaee-2384-46ac-8921-e8fb05d29852,Electronics Store,1994
DRD24,Electronics,116.03,644,e77c5d81-c763-42fa-9484-99768617bea8,Online,2000
FDQ28,Food,68.27,1802,56aa2605-33b1-4601-be24-b174281046d7,Supermarket,2013
FDM22,Food,448.09,4523,b4e44470-6a53-4ddd-b356-d4c8d1db38c6,Supermarket,1998
FDR07,Appliances,397.52,1071,f21bd079-f4f6-46cb-8e82-7eec01b9c7f2,Electronics Store,2016
FDV25,Clothing,477.16,3701,be5e6606-790b-4a86-890a-f54ad01b9f85,Online,2014
DRF49,Food,499.44,8052,2c858dcb-2574-42cc-9fa2-af11890eb4e8,Supermarket,1991
FDW51,Clothing,166.54,1484,04580d9c-ed00-49da-a110-55bd5d2fc4e9,Fashion Store,1998
DRL01,Appliances,218.41,9684,2cfeb5dd-fd1b-4cdd-b677-ade3ca76b1d0,Fashion Store,2016
FDP25,Electronics,315.23,7080,69e9368e-e24e-4a91-962c-5f4684a4378a,Electronics Store,2013
FDL50,Appliances,97.2,2935,e2f5e805-b333-4ab1-8822-8bba7332f653,Electronics Store,2013
NCB30,Electronics,463.7,3115,93daa1bd-ac44-4358-90ea-fdf013035837,Supermarket,2016
FDW11,Food,143.55,4839,8b16e2dd-b3b1-4d18-a38c-cdb0331d03f1,Electronics Store,2020
NCM43,Electronics,120.33,9079,acbf88ca-e2da-435b-9532-cdce43b10607,Supermarket,2011
FDK44,Food,203.54,9326,601eb704-ea04-4e23-b4b4-3fa8bad3f5ac,Online,2017
FDM15,Electronics,153.18,6814,0cc2a583-fa21-43de-b32f-d196658e4f44,Online,2004
FDS31,Electronics,210.47,3607,df987535-564d-4ab9-8dfa-3a6ce49a8651,Supermarket,1994
FDI32,Electronics,419.42,2621,3598a367-6706-4b5e-b268-8b54aac000d4,Electronics Store,1999
FDR47,Appliances,293.09,559,9967c660-e336-4352-a725-243d078b6a2c,Fashion Store,2017
FDB35,Appliances,171.28,659,690d0412-6983-48ab-9e33-786afc2070cc,Online,1994
NCU05,Clothing,361.68,3284,98f3462a-1a88-4c9c-9353-ea1998b82bab,Electronics Store,2015
DRY23,Electronics,273.89,764,1704e571-78c3-4513-9bea-3bf64c263435,Supermarket,2000
FDO24,Food,478.33,6213,1522321b-b75c-4253-8fb1-d4c40f55aa54,Electronics Store,2013
FDQ28,Appliances,491.86,5227,7fc28e9e-938f-452b-a161-c5b5af0ad184,Supermarket,1998
FDV39,Food,435.27,4331,4f785b0e-1406-4e0a-b9df-a399b2b2e005,Online,2001
NCO17,Clothing,458.25,5222,ace25420-d441-4ab3-b02f-d045893b659a,Electronics Store,1992
FDU50,Electronics,375.72,3931,60b53aaa-7564-4b06-b42d-ef5a2261a53b,Online,1994
FDT12,Appliances,494.84,2891,58d784fa-1a94-4182-8406-ae0986ec6641,Fashion Store,2008
FDK58,Food,247.03,2938,c3c352e6-e761-428b-8008-aed79f265a61,Supermarket,1997
FDO08,Clothing,418.03,1711,0ed23ab8-52ed-4f35-b1f0-111f5ccaf7c3,Supermarket,2009
NCW29,Food,405.55,1574,b15e9b95-d07c-459b-9cac-dce9ccead144,Supermarket,2009
FDE04,Food,115.42,2264,848facbb-40ad-4c4c-85ac-c413723c2619,Electronics Store,2017
NCB19,Appliances,241.87,5603,104437b7-02b8-4845-8565-ffc450815d9d,Electronics Store,2005
FDV15,Electronics,51.8,736,e6fd3291-7ad2-440d-8796-c2c1f0f12fb8,Online,1992
FDL58,Appliances,117.11,3935,e8d7ca7a-64f5-4239-80c4-a4861f173559,Fashion Store,2010
FDA08,Appliances,268.49,3627,c899b283-2857-4cea-8643-40c60cbb86bb,Fashion Store,2000
FDT43,Food,136.07,7990,484ae56e-89c1-4477-ac3d-796829fc428c,Electronics Store,1991
NCX06,Clothing,489.99,6445,0750ebb1-c35f-4b24-8851-7db75bde0de8,Electronics Store,2006
FDT20,Food,473.2,1262,ad9de923-f808-4202-b2c7-9d69bc32fad0,Supermarket,2001
FDB41,Appliances,477.3,7991,3e2eac98-14dc-4849-aa04-cedb9a89f108,Fashion Store,1995
NCN55,Electronics,175.71,9568,ce8e6caf-3fb8-4739-bc85-62dacff11040,Online,1998
FDE40,Food,265.38,716,79dc9e59-cf56-41aa-86d3-93f53be8e074,Fashion Store,1993
FDX49,Electronics,360.87,8715,24c8b245-4a6f-45b7-96be-45b4d88d05f8,Electronics Store,2013
NCM53,Clothing,288.57,3519,3947c995-6f88-4d36-8a21-76bda02ae318,Electronics Store,2018
FDE36,Clothing,141.41,8905,ce0664ca-b39c-404e-8900-cb56384278e8,Supermarket,2013
FDN57,Appliances,245.19,9907,bf386a40-7722-41b4-9c85-95561767c81d,Electronics Store,2014
FDI24,Appliances,400.72,3966,2e76d05b-f360-47ad-b870-99ededa613bb,Electronics Store,1994
FDI19,Electronics,186.33,5969,e4c70878-ce5f-4246-a573-856e4fadb8ed,Electronics Store,2003
FDF24,Food,368.56,9879,45a3955e-3fe0-4ed9-852a-cac1fcdd8882,Fashion Store,2003
FDG52,Electronics,462.09,7951,a6c20cef-cd1f-42e7-b25e-10735d51d5a3,Fashion Store,1991
DRF36,Clothing,198.41,1971,22c0ad40-44d3-4c00-85f5-d3b74b58c046,Online,2004
FDS45,Clothing,480.31,9988,750aae27-0aac-4922-a073-5ecb02581781,Fashion Store,2011
FDX40,Appliances,327.15,1368,85a4c518-a359-4db5-b503-7744a65d3515,Fashion Store,2003
DRK12,Appliances,486.19,6087,609e8d51-3935-47c5-b2f2-fe894be88ab2,Online,2017
DRC27,Appliances,249.14,4269,831975c4-e5f7-43ec-ad2e-2b9199324b65,Online,1995
FDL58,Electronics,301.92,8836,1ed2f537-1705-46a7-ab5d-49d232531212,Electronics Store,2009
NCD30,Appliances,77.03,7688,ecaa034e-63fa-4756-aedf-fc2d1877468f,Electronics Store,2015
NCZ54,Food,170.76,980,1e1cf0b0-3f8b-4020-a975-3b1f36fafe94,Online,2012
FDE10,Appliances,420.31,1291,b36106dd-ff25-4fbf-b929-f96710a3b735,Fashion Store,2017
FDR44,Electronics,139.61,1590,6baccf1b-22bf-45b5-8ca9-5c3f06b4828b,Online,2007
FDP28,Electronics,356.34,2391,3b72e493-35a9-4cf5-9edb-b94280d9946c,Electronics Store,1996
FDX15,Electronics,493.62,8393,597c29c5-acdc-4f86-9337-513f8e4033fe,Fashion Store,2007
FDA39,Food,133.86,8352,3ed152d3-abec-452d-ad98-f4d0843f6623,Supermarket,2015
FDY24,Clothing,321.27,8790,f7691ba2-4665-4eed-b0ac-d0bab1119303,Fashion Store,2010
FDC60,Clothing,120.54,815,fa44a04e-48f9-45f7-893a-cbdc50f66b99,Supermarket,2003
FDH28,Electronics,146.79,5334,e4a1553e-06ca-4bdd-9573-2d0887874ac3,Supermarket,2010
FDT25,Clothing,212.56,7846,20e468f7-2b1b-4f51-b6f0-985ba05c427c,Supermarket,2000
DRJ13,Electronics,244.89,7891,d21a61ac-11c2-4e2e-9986-4f288f2367ce,Online,2009
NCO07,Appliances,161.72,3903,fb9dc248-aaca-419c-8e9e-0b89ed5677b8,Online,1993
FDW20,Clothing,127.39,2825,babe1050-0d59-46eb-a4b4-4874a508552f,Electronics Store,2007
DRF27,Food,254.39,2816,2178b0b1-2b53-4396-ab49-4790d9930640,Fashion Store,2008
FDS49,Clothing,65.93,2976,f4954ce2-5a02-4fc8-83e9-06fc38c298da,Supermarket,1991
FDX25,Appliances,317.65,6641,65f58a6c-7d9d-45a8-9684-fb2d3bd7819c,Fashion Store,2000
NCX42,Food,418.46,4410,e88bee86-7d66-41b6-9abf-1638e60eaa7f,Fashion Store,2013
FDG33,Food,498.06,7411,7b174d28-25ff-45bd-a683-bc64dd0d8bac,Fashion Store,1999
FDL56,Electronics,466.01,6996,dc3a6a14-5aee-49f1-b31f-799ed0ef8102,Fashion Store,1991
FDF14,Appliances,356.77,3329,a1562201-9243-47bd-a403-83d4b0e7d1a6,Online,2014
NCD06,Electronics,202.46,7891,f2e88a8c-2078-4439-9c28-fd2ef557699b,Online,2004
DRM47,Electronics,98.66,191,00b9b575-1e24-4692-903e-da954f8323e7,Supermarket,1990
FDS46,Electronics,258.84,5830,8b2aae5d-c6d1-4c2e-bd6a-65499f6b1b58,Online,2002
FDB35,Clothing,457.36,3648,59ad7092-390b-4053-bbb0-48ca46f16a11,Online,2017
FDX21,Electronics,293.94,6372,44060999-9b60-42cc-9be9-fa3980daa63b,Fashion Store,2007
NCU05,Clothing,104.83,5940,75d0e83f-74a3-4474-9b97-628d310bf4b4,Fashion Store,2015
NCR38,Appliances,358.06,5658,c33dbe3b-d104-4a4c-a260-261c3cb9864e,Supermarket,2009
NCR18,Clothing,270.45,5280,1e511c1f-a6af-4897-ae75-5e6cb8f648e1,Online,1990
NCU41,Electronics,423.48,3135,a56ba5c6-958e-45cb-9ccf-8b44035bb999,Electronics Store,2000
FDY56,Clothing,146.24,628,3ec6f030-f08f-4970-8bee-e740d22ac0f5,Supermarket,1999
DRJ51,Food,215.19,9775,4c3188d2-d2e7-46b2-864e-b07f6e04998e,Fashion Store,2002
FDK21,Clothing,160.2,2146,b3f78fa9-e297-4490-9ffd-69d03bf332ae,Electronics Store,1990
FDY25,Electronics,490.13,6429,e5db0732-9e59-4b8c-b675-b67ccc1c4339,Online,2019
FDU44,Electronics,55.03,492,f18a3f97-d1d2-4978-9f28-dbd1e9a07bb4,Supermarket,2007
FDL43,Clothing,471.2,6742,daf9cd6e-108f-4709-aead-b97c397e497e,Electronics Store,2005
FDF05,Electronics,150.96,6500,e62366b6-3733-46f6-8661-cb687ff57e86,Supermarket,2002
DRF15,Food,52.62,7998,d5749f40-b261-495d-89b5-3f140e19fb7c,Fashion Store,1992
FDL20,Clothing,364.66,3434,2f50a456-28cd-4e89-b3f4-b975eba4222b,Fashion Store,2012
FDV32,Appliances,469.73,9313,153e283b-46c8-4d3d-a746-06aecf1dc000,Supermarket,2000
FDJ34,Appliances,88.51,330,d1375b8f-fe48-4dce-acf4-33e892a58c1e,Fashion Store,2002
FDG08,Appliances,173.85,1978,45ba04e1-b1ef-4fe7-b36f-72ac6633341a,Electronics Store,1994
FDQ04,Electronics,364.8,7981,44186e05-7711-4c15-85a4-0512aa55c35e,Online,2005
FDW13,Food,323.9,2620,28785299-4882-41a3-a7b2-70b9e9a9aacb,Supermarket,2014
NCI17,Appliances,415.25,4574,5407a7f1-89b3-44fa-92df-27d5e8fa5f64,Online,2016
FDY03,Appliances,380.49,9454,4ea3613d-0849-493e-8599-5ec67aa0bb42,Online,2013
FDS12,Appliances,290.84,8513,9b1ab34d-3271-4800-a57b-691cd0506cd1,Supermarket,2015
FDJ55,Electronics,176.77,5482,ce3e0a37-8278-42a6-b68c-bd720911b1d5,Online,2007
DRK01,Electronics,121.5,205,111b495d-a3db-4b61-bbb6-2ad60b92481d,Electronics Store,2015
FDG28,Electronics,436.49,9676,3ccbdd01-093c-4108-99af-08383893fa7e,Electronics Store,2012
FDY38,Food,450.93,7693,5a7626a5-ca07-4adc-9061-95afaffcadf3,Supermarket,1996
FDN01,Clothing,286.81,4251,6ed690c4-0d63-4b28-b7c3-8b80dfa3e63e,Electronics Store,1998
NCR54,Clothing,291.44,3216,d49b4b12-e582-42dd-a6ad-3b32a855f577,Supermarket,1995
FDG29,Food,299.83,2652,6f45ffd6-3cf5-42a7-8d07-14d4a501f3b2,Fashion Store,1995
FDG24,Food,203.75,6120,5ca045a0-03ed-437b-9999-96f73629f66e,Electronics Store,2017
FDG59,Food,201.28,573,a30d8a27-e72f-4ff0-aa66-e973c6a1fbfc,Online,2013
FDM28,Appliances,163.73,742,e53a8c4f-d54d-4f85-b429-13b9a28c33b7,Electronics Store,1995
FDW04,Food,155.2,1721,f09593fd-2fd9-440d-bc61-0546e733d86b,Fashion Store,2003
FDS26,Food,341.2,3110,c46b277e-7000-4e24-98c3-19c2481630a8,Electronics Store,2016
FDQ56,Appliances,114.73,6795,3f69c44b-e3ee-4c25-8d41-e678fe6807b8,Electronics Store,2016
FDK51,Clothing,68.96,344,2971f2bb-e401-4bf6-b0e5-45ff4fbd599d,Online,2018
FDL22,Food,286.31,410,f6117c7e-7365-4a88-aefa-6bf203efaec1,Electronics Store,2003
FDH19,Clothing,404.67,6287,cf5a275b-9a63-4424-adc5-4fb9515036aa,Supermarket,2016
FDY55,Food,306.49,2190,40a2bf1b-3783-494d-b7ac-627c94a11148,Supermarket,2008
FDY03,Food,333.49,9718,7f3423c7-5962-496e-b56a-2e951a635f63,Electronics Store,1992
FDK21,Clothing,374.11,5357,023551b1-1405-4c94-9ea3-63909d889b38,Electronics Store,1998
FDZ10,Appliances,263.27,569,15277b0a-03e0-4be4-8d9b-dd4b053ef76a,Fashion Store,1996
FDZ32,Food,475.64,1478,a98ba761-c8f6-4ff2-aebd-afe558703d03,Online,2001
NCZ18,Clothing,431.8,7373,177b304c-80fc-46b6-bfd1-646576dc90a8,Supermarket,2018
NCF07,Clothing,355.48,6650,80154d41-5066-42c4-b18a-24ec04c5445b,Supermarket,2020
DRE49,Appliances,325.72,8494,5c09768e-3d58-430b-9db9-c4ce84c7fd27,Online,2013
FDJ08,Appliances,173.95,6309,16558a72-711c-481f-ae92-b87925fdc2df,Fashion Store,2007
FDT39,Food,181.48,5456,01cee4b9-84dc-4db0-823c-da3372cec251,Online,2007
FDE08,Electronics,410.35,8834,4a03a9f4-5552-4cf6-a8bb-eb4c6db35f78,Supermarket,2017
NCD06,Clothing,215.02,7261,cd5d0a71-f527-4b55-90f3-cd9fb45d3354,Fashion Store,2016
FDB57,Clothing,165.93,8659,59737dae-e7dc-4e38-ac3b-1add972c3af1,Online,2018
NCT54,Food,144,4933,761c0b4c-03cf-4f2b-ba7d-eb833ce44b5f,Online,2013
DRF49,Electronics,490.06,4289,6cfd1b7e-5628-4c22-9611-f59b55e69fe3,Electronics Store,2002
FDM25,Clothing,354.74,7199,1e5d21ea-bd47-4985-b42c-6979ff55642b,Electronics Store,1995
FDF20,Appliances,60.69,5432,4b4fb396-5a72-420c-a459-ab3193a0878e,Online,1992
FDH27,Clothing,475.3,4398,4a2eefd3-e532-45b9-b38a-83c1aea87ab3,Supermarket,1999
FDV60,Clothing,396.73,1351,96f27847-a987-4bec-8bc3-6396a01b0a30,Online,2014
FDY59,Food,190.21,8030,733602f1-c594-4677-a945-4ac1d6fedd0b,Supermarket,2006
FDK36,Food,393.83,3301,4ca2ba2c-da77-4765-b023-422a1d07701d,Fashion Store,1991
NCM31,Food,65.86,4911,cbdaa581-0fdd-4bfd-8cf8-c7faf6ca2116,Supermarket,1991
FDE33,Clothing,431.9,8708,4234a5a7-2903-400a-868d-d252d8db9317,Electronics Store,2005
FDU36,Electronics,391.86,6112,c641a142-464d-4bb8-b513-77ab090ded20,Fashion Store,1994
FDV13,Clothing,295.49,1950,c790cfea-b9b6-4acc-8b9a-3746d5db9c15,Online,1992
FDV20,Clothing,150.82,8380,868519a3-3a05-45ee-a33f-586f96ec940c,Supermarket,1992
NCQ54,Electronics,480.18,8836,769a6f7e-0bdd-4475-afda-78f1427ccb9f,Online,2011
FDO23,Electronics,201.39,8097,b1de8b6d-6881-48f7-ac24-5ee5c3e9ebff,Online,1992
DRE60,Clothing,475.92,6540,6941c2bf-8cfb-45a2-8ed9-0e6a1d6bde9c,Online,2006
DRP47,Appliances,174.52,2807,70c9ce14-f753-4863-9f81-5ced3fb68dda,Electronics Store,2017
FDB21,Electronics,123.76,8526,6bc5f814-3ea9-4e2d-9884-4a022ec1211a,Online,1996
FDR04,Electronics,126.55,8310,52f6eca1-e7bb-4f40-af25-9ebd0ba94144,Online,2017
FDX23,Appliances,248.25,2092,7a6d0abc-ca40-4dd2-8a25-8acefe754fd3,Fashion Store,2002
FDX19,Electronics,287.53,2229,c0d93142-c720-49a3-99a3-aa4912941093,Fashion Store,2019
FDD40,Clothing,488.01,6723,8c4c7ed4-a90e-4e1e-a525-8d4ecc2cc97b,Online,1998
FDA01,Food,147.82,6220,77cac9aa-b3b9-4de5-ab99-02c9e78de00f,Online,2008
FDS33,Food,55.8,4055,679dcbf3-f759-4ed7-958b-97ed7ec3bc20,Online,2004
FDM50,Clothing,106.63,9805,97f8a8a5-f922-459f-a756-330eae3c77f6,Fashion Store,2002
FDB29,Electronics,193.61,6157,8e9ba5b6-d7ca-4460-87f4-d3fe6b5bbf25,Supermarket,2017
FDF46,Appliances,269.61,8781,457442ec-453e-4c85-ad23-b15f312f4351,Electronics Store,2017
FDA33,Electronics,451.12,2685,990edc8c-e9f4-42e4-85f3-c028362a8de4,Online,2020
FDC08,Food,92.76,1179,ef8e6cd3-41fb-437f-b674-4397430c85ab,Electronics Store,2003
FDB53,Clothing,168.27,4128,38d7f8f4-7849-48a6-b760-15ce74480150,Fashion Store,1990
FDY31,Appliances,323.51,1599,2615c9a8-a6b6-44f6-bebe-57c2d75c0254,Electronics Store,1992
DRQ35,Food,207.4,8751,5ffbbdc6-1615-4170-bc1f-b7f903ae00bd,Online,2014
FDX36,Appliances,137.7,9816,52c3db5b-ef0e-4bba-9cc8-0c56d36b1e25,Electronics Store,1999
DRD13,Electronics,181.53,5074,4d731df4-7f66-4cd7-80ec-889f4e2ff31b,Electronics Store,2002
FDC52,Appliances,196.92,6344,15e30449-04da-49a3-aed0-7dd4e67fb45e,Online,2008
FDB45,Electronics,199.76,9126,20e32ccf-85bb-4a39-9828-01b98195a633,Electronics Store,1990
NCK19,Food,352.74,6813,902950dc-91c9-49ec-b607-3c63917c02fd,Online,1997
FDV51,Appliances,325.91,5247,929fce50-04c6-4fc8-ae94-033495da7132,Electronics Store,1996
FDZ35,Food,145.18,5915,3f667a81-4081-41a0-aafb-7e86323a2df0,Electronics Store,2003
NCW17,Food,163.38,3600,c85de1f9-6d71-4e1d-87e4-66f54e2a6e1f,Electronics Store,2006
FDV59,Food,356.82,7240,0f608b16-172e-4e43-9399-9de3daf9fcaa,Supermarket,2003
DRH39,Food,175.36,8211,0f53dc87-b574-4746-bc85-792ff055f164,Supermarket,2001
FDN60,Appliances,425.2,7185,54347aa8-7aba-4e81-9732-4a514f6aabe1,Electronics Store,2010
FDU55,Appliances,338.86,6713,071b15f9-9da5-4e9a-aaab-eeda36674ffe,Electronics Store,1999
FDN58,Food,238.55,6668,37ea531d-675f-4b75-a2c4-f22a2106e787,Fashion Store,2003
FDC41,Appliances,325.75,8375,fab62b53-7e63-48a1-820e-8c41eaf0b186,Supermarket,2018
FDO01,Clothing,271.1,7660,a5dfdfdd-9eeb-4381-b7f6-39d164d558ec,Electronics Store,2003
NCO43,Electronics,111.82,4598,e8264e31-63a7-4ed9-b79d-ac1b8e370707,Electronics Store,2012
FDQ07,Electronics,116.21,9591,6d6a581d-8933-438c-8636-f317491b8c6b,Supermarket,2013
FDF28,Clothing,459.52,7249,f520b0e0-f6d8-451a-af30-37d141f5413c,Fashion Store,2015
FDM01,Appliances,235.68,8008,5b46159f-77d8-4a96-864c-b4563a6377bb,Supermarket,2018
FDY49,Clothing,338.43,9186,d00b7819-743e-4530-ad64-85a236e707a0,Online,2008
FDR24,Electronics,415.77,2168,9123dfaf-aa97-4d84-80ff-8af09ebf44ae,Electronics Store,1997
NCY18,Food,131.8,5024,6dfce833-dd6a-40f5-b647-7351bbc9aa3b,Supermarket,1991
NCY30,Appliances,185.11,3979,fb6a2cf9-8f6e-4153-9eb5-9460edaec7e1,Online,2001
FDJ22,Food,446.43,5155,91177cab-ad0a-4f00-b5a8-f42aeffc1393,Supermarket,2016
DRI37,Appliances,295.03,3937,61c92d1f-8386-408a-8d1a-d45d88076430,Fashion Store,1999
FDL27,Food,314.56,9462,ee1db69c-8982-4eeb-8565-f459343a1a11,Online,2017
NCO30,Electronics,209.5,2271,587dc608-4c51-4c7d-a6fc-e184655c7a3e,Electronics Store,2016
NCB07,Food,85.49,4091,5f437929-67bd-4c47-8201-86f4250e8bec,Electronics Store,2006
FDX25,Clothing,252.4,5715,6eeac0ca-7231-487c-b51d-2839446a242b,Online,2018
FDP59,Food,358.11,4964,a566ac57-04bd-4749-b45a-e013a2b2e885,Online,1992
FDR59,Appliances,285.43,9586,3b798d23-b90a-4941-a56a-417962654cf0,Supermarket,2019
FDT27,Food,431.18,5983,cae614d3-9ade-47cd-86ab-9adf41d22e70,Electronics Store,2017
DRI01,Appliances,109.2,2018,df18a66c-6adb-4e83-9a48-33b1ab2335c1,Online,1990
FDU09,Appliances,54.12,2235,6ceca547-d29d-4f6d-9e8d-fb3b378d4656,Online,2007
FDH26,Electronics,407.38,3615,141fa11e-2555-4c46-938e-a7d022f604d8,Electronics Store,1996
FDH27,Food,61.01,7779,c86c485c-228f-4eb8-b29f-08cdb512363e,Supermarket,2006
FDN39,Electronics,202.55,5557,fbc9c060-779e-4223-a11d-b85ff4bf6429,Electronics Store,1997
FDH40,Clothing,213.51,6343,7829db26-8120-4e75-a8c6-adfd7d337f91,Supermarket,1995
FDJ56,Appliances,74.16,5318,99b4c000-15be-4b5e-badb-c07bef89db79,Online,1997
DRN47,Appliances,174.81,3859,6d312bf3-144f-4d80-9eb7-a88c49a3180f,Fashion Store,2004
NCO17,Electronics,165.99,6302,67583550-50ef-4cf9-a79e-074c25ba02d3,Fashion Store,2018
FDX60,Electronics,221.4,8056,388395e5-4a5d-4528-ae45-7689e53e633d,Electronics Store,2011
FDT22,Electronics,404.07,7444,f0cc6821-19e1-4c6f-a8d6-16e5ce0f3e00,Fashion Store,1999
FDX26,Clothing,307.43,4681,1fba1a82-b3b1-4420-ae7b-759f16dc4f76,Supermarket,1990
FDG45,Clothing,303.45,9995,0e403e9e-7f54-4213-a174-58eb560f76f0,Online,2011
FDD44,Food,83.67,3489,437c0f59-bbc0-48ef-954f-b63363ff07f6,Online,1997
FDS15,Clothing,414.07,990,db4f1edd-7f24-48b2-a01f-c5c9799f1ff7,Online,2002
FDL51,Appliances,374.2,8675,5327195e-ba4c-443c-97cb-87ce88adb6b0,Fashion Store,2002
FDL32,Food,300.98,8503,3fdaee0b-df19-4d14-ad5d-3dbeb22366ce,Online,2020
FDZ07,Appliances,195.46,6027,f8c60726-9d0d-40c8-a869-67016a9bd681,Supermarket,2006
NCW53,Appliances,263.97,2748,3064e4ea-d10c-4d7d-9156-3749796f45d4,Supermarket,1996
NCA54,Electronics,299.57,7103,82aa8dc3-0f29-4f43-bdd1-241431215a69,Fashion Store,2017
FDX09,Food,258.37,8528,92861038-4c1f-4504-a8b1-61b4fd47d88f,Online,2003
FDO51,Electronics,375.66,7738,4fa3a990-664c-41c4-ab8a-9bd022a03708,Online,2020
FDW49,Clothing,397.26,4146,cc38c506-211e-4683-b8cd-e56ff222a12d,Online,2009
FDB27,Electronics,80.53,6640,e2a3669f-102d-4edd-9789-65b51e62631e,Supermarket,1996
FDF45,Clothing,492.54,8540,902ce9cf-ad34-4297-94b6-3b820dce10f9,Fashion Store,2000
FDV02,Appliances,396.73,6176,be89d5a0-a0ab-430f-85f0-283f13dd55d1,Electronics Store,2019
FDY28,Clothing,450.87,3000,cb780b58-dfaf-4d7a-b19b-dbfde42b6808,Fashion Store,1990
FDX31,Electronics,123.78,1976,ff816a78-eaa2-4542-9380-819bc7b9f9a5,Fashion Store,2005
FDR43,Appliances,345.57,1374,eae2d5e8-7def-4da7-8f80-e6b12d326299,Fashion Store,1997
FDP51,Clothing,83.09,3804,539a3e2e-a540-4dda-9a6c-217fe0a7611c,Supermarket,1990
FDL52,Clothing,293.71,9724,1a86f643-cf17-4965-b282-dc05505700bc,Supermarket,1998
FDR44,Appliances,368.55,8863,c6beefd7-5f78-4983-881d-cb0e4d9fda18,Supermarket,2017
FDB34,Electronics,204.13,4908,4c6f0695-3309-4784-b0bb-1c6d1392f59b,Fashion Store,2000
FDC50,Electronics,57.69,4615,e9870587-7ef2-4c96-9c95-30261ce5562a,Online,2010
FDT57,Food,60.94,6917,a286da29-47e5-4735-b19c-73a62106d6c7,Fashion Store,2001
FDP22,Electronics,250.53,4876,5f8a3510-6044-4bd2-9139-554974eb63c7,Electronics Store,2019
DRE49,Appliances,215.59,3586,cb11f3c8-fc40-4c8f-a44d-3db9b5b20d74,Fashion Store,2008
FDM40,Electronics,70.22,625,a5f8e774-4411-4fde-bd6e-919c20ef7754,Fashion Store,1999
FDY32,Clothing,89.59,9702,c3257aaf-e8cc-49cf-b665-39bcf739d63c,Online,1999
FDW07,Food,353.37,9233,a9ad70df-5209-478f-9bed-2bb053b7e31d,Electronics Store,2002
FDU02,Food,356.53,4615,110fac9f-09b4-469e-a3f8-5658bc8638b5,Fashion Store,2017
NCF18,Electronics,156.17,8995,2fcc12e0-7749-4bf9-af24-38e1d9d96b1e,Online,2013
FDQ56,Electronics,354.35,390,391cd4e8-2a98-41a2-92fb-b564bf93b0fb,Supermarket,1998
FDN58,Food,372.54,1489,09eb6c16-fa60-443f-8e6f-24216751bc17,Supermarket,1998
FDG35,Appliances,402.06,8041,a91f71a0-58c4-4f0e-bb9a-b076768b639b,Supermarket,2012
FDY34,Food,416.5,9536,15e263c4-e7b5-4c9e-92b7-80c0085f33b1,Supermarket,1997
NCE19,Food,112.23,6560,97646da2-fb27-4df0-8ca1-daed15e09b47,Fashion Store,1997
NCK31,Appliances,371.85,4223,098f4e9f-ef47-4b77-bd25-1dd4a9a7400a,Fashion Store,2018
NCJ29,Electronics,361.15,4135,c87f6768-5af0-4c69-9d98-7af0e68664ce,Electronics Store,2008
FDT59,Clothing,317.06,8376,4d0c5310-9894-420c-8698-4b5abfb0fb81,Online,2014
NCX41,Electronics,210.33,5324,6c467672-4904-4051-85d8-5bf907526f1c,Electronics Store,2003
FDU45,Food,270.86,347,1333a360-51fb-4b48-b835-580a62207f62,Online,2011
FDW24,Clothing,289.11,3413,da10f3ef-d09e-4f58-8c35-769672cfa378,Electronics Store,1992
FDF22,Electronics,472.65,1519,9cbf1860-acd0-4032-bf09-02b8ef1e5482,Electronics Store,2011
FDM60,Electronics,380.42,6268,66cf1ac7-6122-4eb6-97f7-a4bebb39c686,Fashion Store,2010
FDR02,Appliances,290.04,5085,19754e4a-d885-4513-9663-809562f18cf5,Supermarket,2007
DRP35,Electronics,206.17,524,67ea81a8-125c-4110-a4f6-a4a757ffb0bf,Fashion Store,1999
FDS48,Electronics,283.08,2403,8a8d9327-db3e-4160-a4c1-ecd9e9aa04f1,Online,2012
NCZ42,Electronics,189.79,3392,303dc5c2-d2d0-408f-b55e-3982eed01763,Fashion Store,2015
FDZ38,Clothing,341.84,8746,b3fdabf9-fab9-4fc5-bc56-6d0da19278fe,Supermarket,1990
FDH19,Clothing,491.59,345,0dbe3f1e-6c29-4839-bb67-a58f40a9ca39,Online,1990
NCB55,Appliances,74.9,7134,42a7ab36-1a12-42d1-b551-9d43c7db14b0,Electronics Store,2018
FDC15,Clothing,460.39,5628,7d7a6150-1a3d-4e3e-8a8f-a68454d6f866,Online,1999
FDF11,Clothing,157.19,8852,7a26758e-7fc6-4f63-af56-a59f6f462c8a,Electronics Store,2010
FDW35,Appliances,326.36,6909,27311971-716d-4df0-9eb9-f7770a440223,Supermarket,2016
FDB44,Electronics,342.05,1683,54871fc5-1634-44ff-8504-8b6b3bb42173,Fashion Store,1994
NCC06,Electronics,135.32,2572,f1b0e5f9-ee04-4a9f-9ead-4ccd43e70738,Online,2009
FDR04,Food,353.03,3825,33a1ecd5-52c1-467a-b1fb-1274cd432412,Electronics Store,1995
FDB17,Food,499.2,9161,65879de5-f450-40b0-9854-fc10c6826a47,Supermarket,2013
FDW43,Clothing,222.38,9848,16cb0055-3191-4019-936a-65bc4889ec2f,Electronics Store,1995
FDA27,Appliances,487.38,1413,e551d678-dccf-48c2-b3b3-3965c5bad6d8,Supermarket,2017
NCU41,Clothing,134.32,1199,d09181ba-4389-4366-8a15-78d6987a5c66,Fashion Store,2016
FDY56,Clothing,412.2,1396,79236432-15c6-4ab0-9773-da86851270f3,Supermarket,2009
FDV39,Appliances,328.15,6413,32702a0f-3419-4f2c-9c69-ce11f77b27d2,Supermarket,2016
FDN32,Clothing,374.83,7315,b86cfc09-60fe-4aa4-be88-0c81a545ba53,Electronics Store,1991
FDW07,Appliances,497.94,5183,53b9c045-d9c5-4bc0-803e-3d71086ce112,Online,2001
FDZ27,Clothing,400.83,6733,ba62af3e-217c-48a7-a41c-df3e4ab0027c,Fashion Store,2003
FDW23,Appliances,456.47,5982,e42ceb4d-1fb0-44d3-9570-c85ff779f120,Online,2002
FDU01,Clothing,140.46,898,150409c0-d564-4163-9f01-435fc56396a0,Supermarket,1991
FDF10,Electronics,422.82,4379,00d9bed1-fde5-46a0-a971-15b89ad08132,Online,2007
DRH03,Clothing,151.21,6675,fc60b83a-05fe-471f-8498-2ebe6b5ef5cc,Online,1994
FDW27,Electronics,361.14,2041,ad3e36f6-aa1c-4a2d-b9f9-91bc5a143cb7,Electronics Store,1996
DRI13,Food,205.25,4580,69ea64a1-622b-4b6d-9fa3-725a6db1898e,Fashion Store,2000
NCR05,Food,336.69,2535,add30d90-3348-4435-afc8-345d15b5a0e6,Fashion Store,1996
FDB29,Electronics,151.23,2180,755ae584-d032-4d1a-b790-6251e77a6d1b,Online,2005
FDL51,Food,211.67,4196,77d8d734-1d3b-49e2-9949-c8b72d84fdce,Supermarket,1996
FDB11,Appliances,111.33,5627,093f9d2a-a753-4e55-9da6-2e262eace8bb,Fashion Store,2020
FDI35,Appliances,428.07,2033,89f11aa3-d418-4fab-a3d3-ce862e42d26f,Online,2016
FDX08,Food,193.79,4921,64b31455-6c2a-429c-8218-66ccf68b49b7,Supermarket,2020
FDP59,Food,57.72,5181,a0a7617e-b5a3-4867-be07-dc3681c9cbb8,Fashion Store,2004
NCJ18,Clothing,470.44,5440,876ecc9f-3778-47e1-a491-b88be618d02b,Fashion Store,1995
FDJ41,Electronics,340.43,2837,71c98df9-213a-439d-a660-c908c904b6ba,Electronics Store,1994
FDU08,Clothing,154.72,7998,7e0e2dcc-d410-4768-ac92-4d44fa1d221f,Supermarket,2006
FDS09,Appliances,394.62,6211,0290399b-117d-4d02-949d-71528174c8a8,Online,2010
DRH15,Food,449.27,7091,45d9c0e0-8698-45a9-b31d-fd3b4e7226f3,Fashion Store,2019
NCV17,Electronics,138.13,7014,3edc2d72-c919-4ea5-8361-b7868906fa99,Fashion Store,2017
NCO54,Electronics,482.39,247,5d736c44-7890-4e53-85ba-8821df26be74,Supermarket,2020
FDE24,Food,412.91,2236,971915dc-fece-4634-89d6-cbbe05dd0d8e,Supermarket,2008
FDH53,Appliances,201.32,5245,fb32d987-a36f-42fa-aff7-59cce50c98ac,Supermarket,2007
FDZ13,Food,89.37,7006,fa51b457-819f-4426-8161-df1bf5490461,Supermarket,1991
FDW28,Food,379.71,4038,fe8095d1-cd3d-4d1f-bea8-8372e333a169,Supermarket,1997
FDU46,Appliances,80.63,6555,6c8b9cca-73a6-4c05-bb3b-49631d160645,Fashion Store,2020
NCE43,Electronics,188.75,2615,ac63ce72-ecf8-4edf-b14a-1cda01f8710a,Fashion Store,2003
FDS26,Appliances,430.46,5699,42c6d107-73c9-4988-a1a1-4474b5815e18,Fashion Store,2001
FDB14,Electronics,139.24,5990,cef6f844-e206-4b7e-9dee-8f63af9ff5f3,Electronics Store,2018
DRB48,Electronics,170.52,9664,b819ae66-128f-4600-b57c-e8337e33fcf9,Fashion Store,1996
NCC42,Food,491.78,5928,78f24d6d-d816-41e4-9f7b-27afe15bbfa3,Supermarket,1990
FDQ20,Electronics,387.18,6764,dd4ecc28-2c5c-4f47-b875-112c298346d7,Electronics Store,2012
FDA13,Electronics,418.26,7038,3f0eec7c-ad9b-41be-bc19-338e8edca528,Online,2020
FDZ15,Food,394.34,4235,cacc80d1-6289-4a76-9be7-54a623661fe7,Supermarket,1992
NCV42,Electronics,205.74,7737,b68fc27f-76f2-4513-a38e-5aab10fba43e,Supermarket,2018
DRI51,Appliances,328.43,6388,c9ea4fc6-9ca5-46d3-8ea7-60bd25061d26,Supermarket,2015
FDO28,Electronics,136.8,3097,07216d51-34aa-45d1-83e0-70566dcb937a,Online,1991
NCS54,Appliances,75.87,5410,ebcc83e5-18d0-48f6-ae15-b1cf9c71be48,Fashion Store,1998
FDH16,Appliances,258.37,3294,88a0e835-1242-40fe-85c6-694e5e2702e9,Supermarket,1999
FDG24,Clothing,457.37,3874,01ef31fc-ac8a-4e9c-8aba-2de61b955777,Electronics Store,1992
FDR52,Clothing,72.03,895,4022fedb-bc8f-4336-884e-1f8798271153,Online,1998
NCH06,Food,305.38,9393,85590959-1826-4648-93e9-6e468caf4e7c,Supermarket,2009
FDA36,Clothing,83.67,4328,b072349a-d7e2-49dd-a12f-5ffc61a9de4d,Supermarket,1992
FDU56,Clothing,206.28,2031,4b40617c-aeeb-4b2f-98df-1807a94d96ad,Electronics Store,2001
FDT09,Food,436.58,9789,6970d294-d0cc-4c49-80a3-9ce381f8680c,Online,2005
FDU25,Food,178.38,8729,bb895847-a93a-4858-b006-fe819e0de185,Electronics Store,2011
FDK41,Food,212.76,5181,a9f0cf0a-7b1f-432f-8e06-12aa6c7d3e1b,Electronics Store,2019
NCT54,Electronics,85.58,9291,d3db27ca-1241-4642-a9ae-5a70fa6261d2,Online,2007
FDV51,Food,357.82,5659,6858a23c-d59e-4f39-93cf-561479245559,Supermarket,2000
FDM24,Electronics,442.11,1125,3d691f23-9787-4e84-b1c6-90bb62c59232,Supermarket,2013
NCO30,Electronics,262.49,9312,7652dee9-c324-4ff7-8464-33dbc7be4997,Electronics Store,2014
FDQ45,Electronics,248.39,6615,b33b217b-44b5-4572-b9be-50ba1035be40,Online,2020
DRK59,Electronics,426.84,8473,e77237ca-317d-45ec-a297-5da3a3c6e1f6,Electronics Store,2000
FDW28,Appliances,490.89,1421,59367120-a129-46d0-9352-9cd7312bb315,Electronics Store,2018
FDC02,Appliances,475.98,324,1e5acbc8-7c57-493b-bb34-f9a553519133,Fashion Store,2013
FDR21,Appliances,199.68,7165,1170b275-7e5a-43b8-88ae-35c25f3d296d,Fashion Store,1996
FDN48,Food,263.11,4333,692244cf-bc06-46a3-8156-9d297e6dfc81,Fashion Store,2007
FDT44,Clothing,191.45,4077,1b748955-cc26-4efc-9718-bb703cd5cdc6,Electronics Store,2011
FDX14,Clothing,325.54,2014,f14faea6-9201-4903-942e-13290676e96d,Supermarket,2000
FDH57,Food,289.36,2112,425b75fe-7c08-46dc-b28a-9ce8646c12d0,Fashion Store,2005
FDH28,Appliances,81.56,4084,5df2370f-ac1a-4f44-9d36-ae33824431e0,Online,2017
NCT41,Appliances,489.54,3383,1afed312-b48c-4193-a899-519f89328f8b,Fashion Store,1992
FDO11,Clothing,272.32,859,b94dc547-0d5c-4e41-82b8-91bd7adca17a,Supermarket,2016
NCP42,Electronics,318.17,6592,d52eea18-171a-4ff2-b620-ed5d053f886d,Electronics Store,1994
FDN09,Food,395.16,6037,c2fcaf3b-4893-43cf-aaa1-0cbd802e0331,Fashion Store,2012
FDP32,Clothing,147.96,1659,ae5872d9-5775-4688-a4ac-f39384229c98,Supermarket,2009
FDV57,Food,319.79,6380,51bacc51-86e7-4f2c-82d4-84090b007f50,Fashion Store,1999
FDW28,Appliances,354.52,6154,0fdc5590-dc7d-4e3b-824c-ba99774dea34,Electronics Store,2015
FDR56,Appliances,121.49,5750,79b00010-5107-470c-9ad4-3f1e3789650a,Online,1999
FDA40,Electronics,86.52,4939,e87b36b6-7061-46b0-84c0-2b7eda284d33,Electronics Store,1996
NCG42,Clothing,375.92,2543,962e6d64-fc60-44e8-a8ae-729df6add906,Electronics Store,2008
NCK54,Food,408.71,121,34c86310-3696-4a00-9708-3af4b8740132,Online,1996
FDE16,Clothing,484.36,6592,0c7fbef3-4e47-4486-8172-0dac60f76030,Electronics Store,1997
FDB15,Electronics,441.58,336,6506c36f-ff3f-405c-a207-5aa82b492458,Supermarket,2008
FDC40,Clothing,223.63,4438,c6af144c-d8f1-43d9-8be7-ade3e393ccee,Supermarket,2020
FDE53,Food,339.44,5001,bc7308f4-17d1-456d-ad66-9718d407ab80,Fashion Store,2007
FDK24,Clothing,280.27,1624,743b09d7-25ec-4021-b80d-d81ac5d77d07,Fashion Store,2002
FDW31,Appliances,406.09,704,14a70acb-4351-4c89-a3fb-6c088542edf7,Online,2000
NCX29,Food,382.85,8567,76028af8-1648-4392-816e-9c334b94b52f,Online,1990
NCM07,Clothing,210.08,5387,a3546a3c-fd7d-4cf0-90a7-911c8bdc3d6c,Supermarket,1990
DRN36,Appliances,427.44,2252,d9b5d4ed-808b-42ed-b852-fe109009336e,Fashion Store,2005
FDQ37,Appliances,290.02,2223,25460ebf-4509-424b-b6ea-ce1de70c4861,Electronics Store,1997
FDK43,Clothing,416.13,1881,d4aea0ce-f08d-46d3-a11f-2a2405f9c2f6,Fashion Store,2008
FDK28,Food,361.48,7468,6ddfeb30-d542-46c8-a943-3e263acc8659,Online,2004
FDR43,Electronics,355.52,2002,649c7360-4a0b-4779-98e2-40cee41fff8c,Electronics Store,2003
FDL48,Clothing,403.92,7482,e6d64a51-1f84-4b29-903b-7fbc17882ab2,Electronics Store,2002
DRL23,Food,215.86,7101,8a6eadb6-5919-44c6-a7c7-6e870a3470cb,Fashion Store,2008
NCX42,Food,397.51,6240,e7b3696d-eefa-4c95-92de-3da08874f9f8,Electronics Store,2013
DRD37,Food,280.92,721,c80f1846-d0eb-45e3-a726-a37759fb76fa,Online,1992
FDZ47,Appliances,135.59,3559,4919393a-8cd3-4233-acd2-14be1d3e35bc,Online,2014
NCJ54,Clothing,82.76,6437,52f7cfbe-5b34-4c55-8a10-0d06387f228a,Fashion Store,2008
FDL52,Food,320.89,2599,77e60eae-02e2-4dfa-acb5-ed0774e422a5,Fashion Store,2019
FDC15,Appliances,403.52,5287,3ede1eb1-efe4-4bff-8c07-45b7fa75dbbb,Online,1998
NCD19,Electronics,229.88,5859,9b02a337-4634-4a1a-846a-7086dd00b455,Fashion Store,1995
FDD08,Clothing,113.44,4216,8cfbc7d9-e808-4afc-8b20-5594bdca60e3,Online,2018
NCN18,Food,225.85,1860,ad31c4cd-42e5-497e-9a0a-8277729a420a,Online,2007
FDY56,Clothing,188.05,5170,b19c90c3-7f60-463b-b84f-ee2f0ae092fb,Fashion Store,2018
NCI29,Food,441.55,9559,1e019e3f-c8cd-4446-8c46-fe0ac751dd03,Electronics Store,2004
NCE06,Electronics,337.83,971,595b8f27-b154-47bd-b85d-2e04b6ffd71c,Electronics Store,1998
FDC08,Electronics,472.74,1335,3070f368-d8ff-47a9-9ea5-501c1979fe9d,Online,1994
FDU52,Electronics,223.27,5369,9d08e85f-5f53-4423-b638-c0249a6b154b,Supermarket,2008
FDN16,Electronics,180.34,6350,7ab97931-aed7-4299-9a95-d917f5ffa7d4,Supermarket,2013
NCM55,Appliances,377.15,9900,512fa14b-693f-4488-a097-c74b8b68737d,Electronics Store,2007
FDR49,Food,283.34,1453,6cef293c-4928-4bdf-a07f-98c4bcfc572b,Supermarket,1993
FDC15,Appliances,116.67,592,d0f9f592-cc2e-4c3f-8136-2549d6b6c609,Electronics Store,2005
FDB53,Appliances,287.79,576,7b90191e-dd51-4b8c-823e-1cc147287c34,Online,1997
FDK44,Food,193.02,3885,1811e221-23cb-4c49-bc2b-7bf69cfc4e3a,Electronics Store,2008
FDA16,Electronics,334.42,5436,167f4b69-0f7e-4523-a1c0-078fd572a898,Online,2013
FDO19,Electronics,465.78,6870,326213de-85b7-4fe7-b4e4-c958d4e21f99,Electronics Store,2005
FDO04,Clothing,350.54,6836,ce7c387d-8bf8-477d-b3d3-0c19b8be63be,Online,2002
NCL19,Electronics,249.16,6375,60007757-8092-46d7-8cb3-b7d4860868f9,Fashion Store,2002
FDA44,Electronics,395.64,8686,559f701b-d791-4d8e-89d8-90529b3f67fb,Electronics Store,1993
FDR60,Clothing,349.14,164,9520a36b-5a1c-423a-a863-6d1bc9a1a33a,Supermarket,1991
FDV37,Food,344.63,5857,11583a44-25a3-4f14-a5cd-dd4458b008a0,Online,2003
FDG53,Clothing,320.28,7067,cee8e5ee-da4d-4229-8072-0d9ba3b128e3,Supermarket,1994
DRG01,Electronics,352.71,6598,26734afd-711e-4ad5-be16-ed282fcd5844,Supermarket,1991
FDB38,Clothing,416.5,6819,ca83b28f-98d4-4924-88c5-03531d9b02d2,Electronics Store,1996
FDI27,Appliances,346.8,7875,e0b287bf-7714-4808-be08-6d736c3bc2b3,Fashion Store,2018
FDD29,Electronics,202.6,867,fbd5f95b-44a7-4f0f-b524-55d015dda771,Electronics Store,2002
NCR41,Appliances,467.51,3763,3335f217-4f69-4d11-90ce-fec3a261efc0,Fashion Store,1998
FDW44,Appliances,370.9,1120,2770f814-34f7-4c8e-acdf-ed53a0fc8c5e,Online,2004
FDU21,Appliances,399.12,7835,d488345a-d399-42a2-9f5a-e39b69e2a339,Fashion Store,1990
FDI14,Food,105.82,8943,a2e0c0f8-b432-4551-bf24-4be9da5721e5,Online,1994
FDW50,Electronics,479.18,5572,a0824397-6f89-44a4-8f62-b17c6828a616,Online,2001
FDN39,Appliances,329.39,5094,6e15f7d1-f8a7-416d-a4f6-562e7649933d,Supermarket,2001
FDT31,Food,452.17,1739,ddfad0e0-eccc-41f2-8d55-2786ca03a455,Supermarket,1990
FDJ14,Clothing,116.11,4866,fb72359c-13b2-43e6-bf5e-7decc011ceef,Supermarket,2010
NCQ43,Food,188.38,9652,2fc1ade9-7967-4203-adfd-73af2912c0d4,Supermarket,2000
FDZ22,Food,436.46,911,5cbc2043-2574-4b3c-bdd1-762be37b4bee,Online,2001
FDU38,Clothing,440.43,5209,2388a4cf-7f84-4fb5-bbd5-3bc9d591ddf4,Online,1998
FDS32,Clothing,348.64,5451,e5c54165-ad18-43d3-a393-c35616e901e4,Electronics Store,2001
DRH13,Appliances,420.4,4075,2ac144d0-afe2-49bd-b384-3e40a782d5c8,Online,2001
DRF03,Electronics,406.84,2036,f4848b6d-4028-4bd1-a9b7-971b34529472,Supermarket,2006
FDJ20,Appliances,453.19,8212,74024402-c668-49f4-b592-674e14b762b6,Online,2012
FDE22,Appliances,236.27,5121,007b41ec-8f80-4226-a1fb-ffa5276df1dd,Fashion Store,2001
FDX22,Food,259.77,9707,e531ba0b-76f7-4168-9adf-8b0e4ff8867b,Online,2001
DRM11,Appliances,208.49,5983,0704c92e-9524-477f-a974-09e9ae738796,Supermarket,2015
FDL58,Food,353.72,3788,79a5f353-20c1-4a7b-a6a3-edad4cf91d3a,Online,1990
FDL25,Food,347.49,2737,96bc41c1-375c-486d-827e-2ec6ba36b3aa,Fashion Store,2011
FDD40,Food,183.28,8417,ba72078a-e051-4788-a7fe-e73f5d496a3c,Online,1998
FDT08,Clothing,314.33,9884,251bc760-0909-42bc-836c-a8e9f03a36d7,Electronics Store,2005
FDO22,Food,122.34,2048,9adfa401-21e1-4d69-b2dd-649a2a689ab0,Online,2015
NCM41,Electronics,290.14,508,9916c6d4-4b59-4adf-9302-49a76d44b438,Electronics Store,2000
FDJ21,Clothing,69.81,5628,7d6be873-68a8-43ea-80c6-95fd592b97a7,Online,2007
FDC53,Appliances,322.72,9224,fe1d1ccd-b985-4e97-a184-efef27d5cd70,Online,2019
DRK35,Food,338.02,5640,d3393e13-8ad9-46aa-a519-71baecddcdfb,Fashion Store,1991
FDQ09,Electronics,382.84,4723,50aebb10-e528-48ad-afe3-5e257c283c03,Fashion Store,2004
DRB48,Appliances,354.72,8529,915434a9-633c-4a57-a48e-26a2fb355de7,Supermarket,2000
DRE25,Food,308.31,1260,91b71d81-811d-4921-a35c-90454c68cbd5,Electronics Store,1997
FDL08,Electronics,497.83,6071,af66cc05-5864-4f1e-a40e-76f18ef9eace,Electronics Store,2010
NCV42,Electronics,201.26,2153,bd16603e-4cfc-444e-ac90-6418eec564b3,Supermarket,2018
FDW03,Food,467.98,2452,9a5a46a8-9d7f-4cd3-bc72-2a311fcad840,Supermarket,2014
FDL25,Electronics,487.19,7006,c325d45b-d549-41cf-977c-cd2407e53bee,Electronics Store,2000
FDC17,Electronics,336.28,1389,98214817-54be-49af-9bf1-7b3804cdd95a,Supermarket,1995
FDK44,Food,396.79,1747,5540b578-dfe5-4f2e-9266-940f32cccfa4,Fashion Store,1993
FDE34,Food,397.53,5125,209d6c99-4eb1-4fec-8704-fcba08ab55c7,Electronics Store,1997
FDP10,Appliances,379.42,2906,46cd14ff-4fb2-4603-8049-5a46273fbf67,Electronics Store,1998
FDZ22,Clothing,366.78,2085,1a598fdd-2494-405e-b049-579e9eb7a951,Electronics Store,1995
NCK19,Electronics,429.56,1571,fc4a96b7-3471-49f6-8c91-2816f3ea293c,Supermarket,2000
FDO44,Electronics,127.87,9086,75eb3550-40ae-474a-9768-7f43fd4d118b,Online,2014
NCU41,Clothing,285.66,8025,518a9807-1abf-4253-be3e-f6a463f4fe14,Online,2016
NCF31,Appliances,116.98,7495,81e7783c-fa3f-4286-a5ab-d66cf9d71e8f,Supermarket,2005
FDG14,Electronics,163.41,3157,8f9ad248-a2d8-459a-aaad-148e0dc7e370,Online,2018
NCH30,Electronics,270.38,9762,4adbb570-102a-4dba-a557-a4c921dbef9d,Online,2012
FDR36,Clothing,336.96,2573,4fcb0ada-0f09-4ea3-8704-9cae29b83a33,Online,2010
NCJ30,Appliances,196.76,6108,cd7f10d7-1fea-4409-92f5-26e662dcd9df,Fashion Store,1999
FDR08,Electronics,114.43,3079,19de0d67-bbd2-4cc0-b4a9-a478b19fc2c0,Fashion Store,1995
FDU04,Clothing,277.48,4935,d4a65c90-c834-48fb-af13-1ccd343803db,Electronics Store,2009
NCQ50,Food,73.9,6863,8abf4c81-510a-49a0-91e0-6433bb39d788,Supermarket,2009
FDL46,Appliances,239.32,3887,33b4e346-0665-4468-8691-62bbb212eabe,Electronics Store,1994
DRK37,Clothing,348.36,286,787ef166-49f5-4701-a63d-998536580ca1,Supermarket,1993
FDK48,Electronics,472.98,6353,f5dd92a8-1390-423b-b971-f2e736044642,Electronics Store,2015
FDV58,Appliances,191.84,6914,df301361-b867-47ab-a203-29ff02db0bbf,Online,2014
FDN27,Food,191.98,9800,4ae6f4ce-6611-4c9d-b75a-b5df8833dfc7,Online,1991
FDZ52,Appliances,304.21,6041,77f7bbd5-1806-42e4-a698-1050819afb6c,Online,1990
NCF42,Clothing,222.87,9915,5a657567-6b52-4b82-87d9-f42d793bdd94,Fashion Store,2009
FDQ48,Electronics,394,9396,d1473e8f-9a80-497e-9fa1-44f4097f4d04,Online,2007
FDW49,Appliances,267.97,2070,8fcbf5d8-008e-4fdb-a513-b78a55e2f3c3,Supermarket,2003
FDR58,Food,270.45,1928,bc2ca1f0-ecf0-482c-b7d9-abd1ac57d454,Supermarket,2013
NCE07,Clothing,248.12,9443,800f0785-3aad-4b4c-94de-1aae394f7493,Online,2003
FDK14,Electronics,139.83,4812,1889ce80-412b-46e9-9e2b-3481be04afb7,Online,1999
FDC11,Appliances,186,1069,37c2e14a-070b-45f2-880b-f4480d3ca3d4,Supermarket,2007
FDL22,Food,214.85,3184,22ee5671-2b5a-4817-9fca-a2d2ceb28b98,Fashion Store,2017
NCQ41,Appliances,186.04,4655,57d6d354-8036-4091-9eff-5e92cdb98997,Fashion Store,2002
FDX46,Food,180.48,3658,c6fb4b4f-1976-47b9-b11b-aec816c4ef7d,Fashion Store,2010
FDC35,Electronics,438.93,3204,fe6f5009-c3e7-4765-be0f-adbe1dab4183,Fashion Store,1992
FDH45,Food,466.89,8616,1c413574-6cc3-45ef-8847-ad8137f3c470,Online,2007
FDX33,Clothing,185.9,4584,d7900beb-8ca2-4963-a408-f345567191b0,Electronics Store,1994
DRJ35,Appliances,102.87,7528,0c764781-4735-42d2-b620-bd6eff70182f,Online,2020
FDC40,Electronics,244.45,1245,39c8ba2e-f0e8-4f94-914f-b12a1a8e0c60,Supermarket,2015
FDO19,Clothing,334.37,4314,f3689973-118d-4274-8433-30f9a7d1f7d8,Fashion Store,2007
FDP13,Clothing,153.99,1277,1203bcf7-70c5-418f-8ccf-4103c0d92c6a,Fashion Store,1996
FDP24,Food,85.65,5506,c62f4c09-b564-42ec-9237-b061ad7f8d39,Electronics Store,2018
NCQ42,Food,209.49,5334,ddb43d8c-65eb-4a3b-849a-058cfe79f9b5,Electronics Store,2019
FDY59,Clothing,478.56,1085,9359f2a4-12ae-46e2-80d4-89e10d3bd7fa,Electronics Store,2007
FDU14,Appliances,214,2818,466f7526-7dc8-4cb2-89a9-35e86eb313d4,Online,2010
FDB21,Clothing,390.02,4726,29072ead-9ae3-4310-96ce-4fd5f0ce7fc3,Fashion Store,2000
FDT32,Electronics,143.27,8989,a0a70aef-38bd-4d45-8f46-cc30eaa92480,Electronics Store,2019
FDK20,Appliances,263.06,4409,f3411680-2c1f-4fd6-8fa8-98d049fbe2a2,Online,1995
FDX09,Clothing,234.44,4890,2317bee7-772d-479d-a5ac-9158b43225e4,Electronics Store,2009
FDM01,Appliances,166.09,4179,e6af3659-133e-4bda-aad3-b1029511419a,Fashion Store,2018
DRI37,Food,343.19,8964,84f3c36d-fc4e-4efa-9218-1f0c8a52a5ae,Fashion Store,2016
FDL20,Clothing,423.47,8870,a79cf079-a751-40dd-b951-b079d451a23b,Electronics Store,2010
FDU13,Food,145.85,6251,de700858-6ae6-405c-90ab-b3736a11ec9e,Online,2009
FDE05,Appliances,129.7,9403,c234c18b-1da8-4600-8f59-e9695434b0e6,Supermarket,1999
FDE58,Clothing,307.32,2633,cafe3c2d-ca11-4db7-b74a-7300e4f56ea2,Supermarket,2017
FDT32,Electronics,52.02,1677,d58c7e3a-5905-435f-bd5b-cb7558aa8506,Online,2007
FDZ01,Clothing,187.52,1056,3d895407-4b6b-4cb8-91b5-35f6c14e92b8,Online,2015
FDM08,Electronics,498.31,5158,464f3f99-03a1-4f70-b616-8977a237c74d,Online,1990
FDS58,Food,155.45,9959,74f014b6-a444-40b0-bcbf-aceb10bbb415,Supermarket,2005
FDZ26,Electronics,466.94,6454,881cb4ac-edb5-44ba-9eaa-eceb30edaed4,Online,2009
FDC46,Electronics,283.2,731,83e2ba4d-d07f-4d8f-af9d-f765eef1e960,Electronics Store,1997
FDY51,Appliances,110.42,9811,b390dbc3-8d9f-42c8-8db2-1ffe63543bb4,Electronics Store,1998
FDL34,Electronics,357.66,2063,ee5b034c-c56f-42d8-874f-cc99806b124c,Online,1992
DRG39,Appliances,219.02,4910,92b3efa8-f523-4eb6-8c40-b36b4de05fa7,Supermarket,2009
NCG43,Electronics,422.92,501,0c304daa-22cc-4214-8d6f-3d0998101ad0,Electronics Store,2016
FDT01,Electronics,139.98,5636,1f1fd068-97a4-4f94-8340-478fede6d908,Supermarket,2004
NCR38,Clothing,422.93,4010,7d6956a3-ca8a-4421-baf0-893f5e812a70,Supermarket,2004
DRF01,Appliances,177.42,6178,b99003c8-dec2-429b-9c60-72d16203ddcc,Supermarket,2013
FDF53,Food,149.43,990,ff01f36b-477f-4953-812f-c158c5fcd63a,Fashion Store,1999
FDS45,Appliances,118.39,8220,99c46be3-09ed-4ee1-89f0-88bf3cd1c7de,Fashion Store,2002
FDR20,Appliances,289.21,6072,7942bc2c-be3a-47d1-bf5c-6b689f019d1d,Fashion Store,2003
FDY07,Food,437.21,5879,6fcf8638-c6fb-4f55-9a97-6002f1f7db42,Online,1999
FDD38,Appliances,271.63,1163,04311f38-bcf1-4034-a06d-a6b2e28a20df,Supermarket,2000
DRF15,Appliances,275.95,4599,2174c46d-ec09-4c57-bce7-58fb0d17b2a4,Electronics Store,2016
FDH32,Appliances,113.32,4927,d8d9d938-4b85-41af-b7b8-0b0ef6d6a050,Supermarket,2008
NCJ42,Appliances,52.87,6996,99108c3e-bae4-4caf-a5d1-ca69333c6e6f,Electronics Store,2001
FDB56,Electronics,217.71,8561,95b1cf29-7f62-45dd-97d8-644e44f970c2,Online,1998
FDD03,Electronics,435.2,7842,f6e5db77-caba-48e9-b1b5-172d6d0bfe78,Electronics Store,2019
NCL18,Food,205.42,4657,b27e4788-46ca-49e7-b31a-b5044912b4d6,Electronics Store,1992
FDW22,Clothing,94.99,1916,78a0320a-37d1-4506-b353-e3fa3909d9af,Fashion Store,2015
FDE32,Appliances,412.96,5624,a10866ed-c3f9-422e-aa30-145ec13b3400,Supermarket,2018
FDA34,Clothing,447.6,1490,243be8f6-a426-40e1-b209-4c23c110350d,Online,2009
FDJ08,Food,204.64,7021,e12c243a-0aa0-4c7a-b831-972a5ec267f4,Online,1996
FDG38,Appliances,145.03,3385,8729712e-02f1-4d11-a937-fff016684c4f,Supermarket,2010
FDD29,Clothing,284.84,941,29addf88-ef5f-47ff-b385-69649093f41b,Online,2010
NCE31,Clothing,266.79,2499,27b37bb5-cbe2-464f-b9b1-bbae4632d5f8,Online,2013
FDS19,Clothing,308.69,6693,bb1037e4-b4ac-40c8-9bf4-3bed0f92c708,Online,2001
FDU11,Electronics,153.74,5948,512cc72d-0c70-4839-badd-a754d6114108,Online,2009
FDL02,Electronics,196.02,5989,0d2dd1b2-86ca-449c-8928-85f88ff74eda,Supermarket,2020
FDO51,Electronics,94.52,1629,6009222b-ea6a-4ba0-98b4-7a3deb638c1a,Online,2017
DRK23,Appliances,119.12,6818,ad1e021f-cd6e-42c1-b97a-58563201a356,Online,2016
FDO27,Electronics,113.17,6262,ac5413af-f467-4389-af2a-291e10e964ab,Electronics Store,2008
FDB16,Appliances,497.47,401,65204272-9260-4e35-9fdb-f1920707febd,Fashion Store,2004
FDA44,Clothing,409.57,7329,58a70a4d-aa0f-4229-85be-55d1c63b973e,Fashion Store,2018
NCB18,Appliances,437.28,2187,799f27d6-b980-40fd-9684-f74f0e0f6cfd,Online,2013
NCL53,Food,464.6,4047,6cf6615b-c1df-442f-8846-5f00b726c688,Electronics Store,2017
FDR16,Electronics,128.93,3616,87a8492e-7264-42f5-87b5-b2b1b7c76dff,Electronics Store,2020
NCQ05,Food,90.2,8326,035d921c-74e5-4e18-acee-a8a02695aafe,Online,1993
FDF44,Electronics,206.29,6279,d1adfada-428f-4f04-9344-ff47c0ee50e6,Online,2010
FDU50,Electronics,410.96,4404,69f03b21-2124-432b-9d53-9e48ad4cbc80,Electronics Store,2011
FDG20,Appliances,210.68,4562,95eb6bfc-682e-4a20-97e3-42ae28d5d764,Online,2001
FDD58,Appliances,381.56,866,beb5fc16-20d0-422a-bace-606ea22d6513,Online,2015
FDT01,Food,60.13,1022,1230aa0d-5143-43f7-9825-d8077f298096,Fashion Store,1998
FDK15,Electronics,456.72,4767,dc04fe27-4c66-418d-b85d-6249d3bfd29b,Electronics Store,2007
FDJ08,Electronics,75.94,2589,85d74cc9-79ff-4b80-8ea9-516ed7a57614,Electronics Store,2016
FDS10,Electronics,300.61,804,e894f0b9-a072-45cb-bf2c-cc47dc9b9400,Fashion Store,2009
FDJ55,Clothing,369.63,7711,b8a59d9a-b07a-406c-a945-1a2ddc9ebe30,Online,1998
FDU32,Appliances,459.83,1122,30462229-5ffc-46a8-90f6-0b2c274a8007,Fashion Store,2011
FDG09,Electronics,93.58,3754,17ffe54a-0dd9-48c0-ba1e-4ef1f9870dc9,Supermarket,2007
FDE39,Clothing,105.63,8222,0450f410-6b92-49d1-a202-7366192d9387,Fashion Store,2020
FDU56,Clothing,304.83,7102,dfb0a772-1681-4fd8-ac1d-d7523ca3f090,Online,2003
NCH55,Food,118.43,5564,fe69f11f-8b4f-4b3f-bf77-0282d86ce08b,Supermarket,1997
FDX33,Appliances,392.11,934,5c44712e-c0cc-40d4-8c52-665d13d83e1e,Online,1993
FDR24,Appliances,203.28,7160,2ddcd976-2b0c-478d-b7a5-9414ca67d710,Electronics Store,2011
FDC33,Clothing,325.6,7749,92eb9b2e-b3d1-4f15-a20c-ce951280b89c,Online,2016
NCV54,Electronics,56.82,6800,5ec1318a-cdc0-4561-9993-961bd1af631f,Electronics Store,2018
NCQ02,Food,396.85,6997,94494504-a805-40bf-8061-79a5b18dfb03,Fashion Store,2008
NCU17,Appliances,104.77,9242,11852e1c-196b-4e5e-a9d8-9ec60d2f3cd4,Online,2001
NCZ06,Electronics,370.34,2272,475bbdd4-e4bc-46b6-b8c7-94926fc3a189,Online,2019
FDV37,Clothing,431.03,4420,f71d12c9-84ee-487e-8bd1-c216bcd82fd2,Online,2003
DRH25,Clothing,364.07,8346,3c922687-1c57-4a7d-a561-72a453d13e4a,Online,2008
NCI43,Appliances,171.54,9281,b2ad2dc0-4b1e-43df-9bdc-d39eaa370f2a,Fashion Store,2006
NCQ53,Appliances,135.83,9120,c40272d0-0783-421e-8736-440be092660a,Supermarket,1990
NCT18,Clothing,377.72,5896,c2f71e93-9bca-471d-9547-8c43ce6bbc74,Fashion Store,2000
FDF14,Electronics,377.22,6942,7f916fe0-4817-4b99-8ae9-13a09da27cd1,Fashion Store,1991
FDM14,Appliances,107.54,4691,b27b8381-532c-43d3-b466-fcc0a8fbd61a,Fashion Store,1997
FDX57,Electronics,376.65,2856,7d7d245a-3ef3-47a6-93d4-8f706b69ebd1,Electronics Store,2005
NCV05,Electronics,96.79,375,048a9d0c-7083-4c6d-a368-65fffa215ea9,Fashion Store,1995
FDX39,Clothing,72.06,7976,db8f7ff9-2104-42a9-91a2-eec35cbf90f1,Online,2011
FDA23,Food,413.64,194,12b2e332-81e0-4617-93ab-ec660734f3f0,Electronics Store,2002
NCV06,Appliances,187.41,2372,4c0e4636-c5dd-4771-9f2e-3455c9b44ae1,Fashion Store,1998
NCE31,Appliances,50.48,6354,38362ef2-a41a-49c0-a2f7-e02a431b2603,Fashion Store,2004
DRI39,Electronics,365.53,6154,7b1a8756-50d8-4708-81d0-45e129553c55,Online,1996
FDH21,Appliances,365.42,9112,2092b90e-615e-4fe2-847f-5781283794b0,Online,2006
FDR26,Clothing,205.27,360,6e1ceebb-4c35-44ec-9ac5-0a543e82a2bb,Supermarket,1997
FDA14,Appliances,246.15,3672,501dc5da-e5bb-495e-9266-f38b09af3596,Supermarket,1993
FDG21,Food,407.32,6872,6aef634b-d95e-49cd-8a33-0d36102f5048,Fashion Store,2011
NCQ38,Clothing,234.33,7669,13a8c634-e48a-40af-9ce6-c505ffac1209,Supermarket,2019
FDN20,Appliances,119.2,9552,2b1a02f2-d456-460e-a8bf-c7739d7645ae,Supermarket,2015
NCN29,Food,133.67,2428,b15a1a00-bb20-4fdb-88fd-197b2a4e6f9d,Fashion Store,2015
FDI28,Food,387.58,7739,e61f6177-bb97-47bd-a351-e76c8c792ba6,Fashion Store,2001
FDA03,Appliances,222.91,7786,a417ecb3-1c6e-4f3a-afce-72a645c73e9d,Electronics Store,1997
FDZ28,Clothing,234.61,7952,1a1bd223-fcc7-4aef-b32e-69711f7bd2db,Fashion Store,1998
FDO52,Appliances,175.25,8476,8dfc33ee-98d1-4b3d-96ef-31c9eec0a03d,Electronics Store,2004
FDU10,Food,209.9,5047,3b7ddbab-d964-4280-a49b-9205565ddcb1,Fashion Store,1994
FDP13,Food,414.09,1537,e4934ae7-bf3a-457a-ad30-d5912c9ce3d2,Online,2018
FDV02,Appliances,177.94,2974,2bff88ba-a07b-4934-bb19-830bab182098,Electronics Store,1992
FDS28,Appliances,350.3,7934,d995dbb0-9bec-46b9-b001-9f5ca4f99562,Supermarket,1998
FDW49,Clothing,182.04,8707,ff4674f3-705e-41d9-8158-714f18e9bb93,Fashion Store,2009
FDP33,Appliances,92.21,234,46437a08-860d-4e01-a82e-58e3409eb253,Electronics Store,2003
FDJ03,Appliances,195.25,6683,b6cc2c62-6a50-4c04-bce7-8d677c2c1e0b,Supermarket,1990
FDQ51,Clothing,229.93,6246,1521e16b-85d7-4245-b850-df4b9cb2dde8,Online,2015
DRK23,Clothing,159.38,8583,097c1b1f-f06d-48c4-8f78-ae8709ff0a2c,Fashion Store,1998
FDU11,Clothing,80.77,2478,f8878d30-a3ae-4271-8959-55e9258f0fb2,Fashion Store,2007
NCK06,Appliances,137.25,7436,982f8d78-01c1-4fab-97ac-789eeb7cb57b,Electronics Store,1999
FDY09,Electronics,446.7,7737,4dd32248-4ba6-49b9-b39f-d7e1c00f2911,Electronics Store,2019
NCY18,Electronics,80.35,8847,e7d7a7f5-0ca1-456d-bb9f-1b189f9ddccb,Electronics Store,1999
FDA10,Clothing,310.89,9084,c0f643cd-3e59-41e7-bdfb-8038e96a9e92,Electronics Store,2000
FDO34,Electronics,316.37,8413,08a8fd43-9703-402c-83c8-fea70ba4afd7,Fashion Store,1992
FDE38,Appliances,283.67,889,55835056-0235-4d3f-9a04-0bee595850ad,Supermarket,1999
FDF40,Electronics,94.77,5768,f9efa721-3a63-4464-ae3d-c262080cb163,Supermarket,2002
FDY02,Appliances,325.48,8716,946ebc42-3f36-4894-83d5-92b7f4a0f08c,Supermarket,2006
FDS03,Appliances,278.19,6133,555948f6-9471-4d8f-bbf2-d8bf846ab4fa,Fashion Store,2001
FDB59,Clothing,456.15,6323,b2f65569-b6f4-4dff-a384-d11b25486453,Online,2008
NCQ42,Electronics,200.02,8802,ce87c19c-71b9-4211-ab45-0aaa4a5270df,Supermarket,2015
FDO15,Clothing,480.46,1214,9edd7d53-4fc3-43e1-8792-92682fb3fdc8,Electronics Store,2008
DRN47,Food,354.45,7888,7ed679fc-885b-4fac-837e-ac478d608306,Supermarket,1993
FDA03,Clothing,89.86,5520,7ee0ee5a-c2f4-45b4-a304-5fd02e46ceeb,Electronics Store,2013
FDA01,Electronics,214.61,9339,f6c02554-c1c8-4464-8458-532b9638140e,Supermarket,1992
FDB38,Electronics,69.89,2837,b9bb4a7d-43f2-4b49-a776-88a84709aa5d,Fashion Store,2003
FDT59,Clothing,251.98,8484,ae06d717-4112-4b5e-b2c9-b21888631b6e,Electronics Store,2016
FDG08,Electronics,229.57,3886,a9e7aa2f-359a-4516-9bf7-59ad6959ec97,Electronics Store,2017
FDV56,Clothing,279.81,4252,f19a4e61-8e6a-4efc-a7ff-1c6f8a017d65,Fashion Store,1999
FDY26,Appliances,194.27,3566,5b5be268-0652-4a99-a1a3-b811543628cb,Fashion Store,2008
DRE13,Appliances,200.9,258,7c667d8e-b16a-49ae-b8a2-2132d69a5953,Online,2018
FDE51,Food,327.34,8418,309062de-c077-44c9-addc-0026cce7f41b,Fashion Store,1990
FDL40,Clothing,127,9497,9f1fa6ef-f168-41e5-832b-025a4bdd2925,Electronics Store,1996
FDD50,Appliances,341.78,2665,5816ec38-43d4-4831-9f12-2325886134b1,Fashion Store,2003
FDC04,Clothing,152.18,5494,d49c2711-4e12-48c6-b78b-e27dbe63ef4b,Online,2005
FDN15,Appliances,109.16,7843,b6c4326a-6a91-40ad-a868-8eedf303e36e,Fashion Store,1994
FDC46,Appliances,273.53,2252,b80db5c9-3ce1-440d-bb20-0e50f5447946,Online,2012
FDV56,Clothing,462.56,8736,647e86af-8b7c-4b19-ab95-81b24dd6d757,Online,1993
FDK43,Food,189.44,1158,aa9981f8-9945-4ea1-861c-45bf9afd3559,Supermarket,2019
NCR29,Electronics,201.39,1532,6259b72b-67bf-4155-b09e-3811db08daf8,Electronics Store,1992
FDY03,Appliances,175.84,6971,702ac46c-6bf6-4693-87ed-9b99a67e188b,Online,2016
FDU44,Electronics,263.22,6269,14523f0c-0409-4456-8b09-ecb92934592d,Supermarket,1996
FDZ04,Electronics,440.67,3362,9dc5d1a1-dbee-44a9-bb75-cb89e140b933,Supermarket,1990
FDU16,Electronics,310.04,670,45a5a0af-d5b7-4ac4-9188-3d011cb6775f,Online,2011
FDV07,Appliances,439.7,6930,5307e237-d6bd-4c40-94e9-bbe0f0f88872,Fashion Store,2003
NCL19,Appliances,368.65,8376,b3b66901-5bfb-42ad-a344-e89430bf1f68,Supermarket,1997
FDW01,Electronics,70.23,1053,35c6efd6-baf7-43a0-952a-52294aad46b0,Fashion Store,2009
FDC10,Appliances,219.03,5524,4dd4c82f-45da-4f2b-ba1c-588f16bfcad9,Fashion Store,2019
DRC12,Appliances,166.8,4522,c66491e2-1652-45c9-8dac-995cb257b717,Fashion Store,1999
DRK39,Electronics,495.67,8132,a313ea0f-955b-49d7-8e69-084d642c22db,Fashion Store,2007
FDG24,Clothing,411.3,9819,c9cb8020-1cfd-4477-af6f-58bf3c473f77,Fashion Store,2015
FDO04,Electronics,155.26,1979,f455711c-ab0c-4d41-880f-5dd0c4b6c777,Supermarket,2013
DRB25,Food,217.92,4339,40f36537-4810-4b59-9a62-c9ba53280b52,Fashion Store,1992
FDK26,Electronics,58.85,5306,800399d2-032d-48b7-b550-4f8d37b78d78,Supermarket,2010
FDM52,Appliances,161.5,1041,575a4513-738b-47f1-b61d-c504095c1a86,Fashion Store,2015
FDY07,Electronics,195.31,4877,5c95ddf6-3aca-4661-8000-79ddc7d3b635,Supermarket,1997
NCO06,Appliances,270.75,1766,e870032b-89da-41e7-9831-a676b90ecaf3,Fashion Store,2017
FDO10,Electronics,356.14,5458,3bbb6dcf-48bd-4d7e-9c68-50b17598f49c,Online,1995
FDK34,Electronics,478.91,9823,2a471caf-0f89-4753-affe-6f2093960f8b,Online,2010
FDS33,Food,389.79,8526,65824fce-b8b6-468a-ba08-84536e9740d2,Electronics Store,2014
FDO45,Electronics,273.18,7920,369cfd41-1096-440b-bdaf-ba7fb6a7a79a,Online,1999
FDF08,Food,124.25,8217,5d10ac9f-27b2-4955-afb8-e13087b8e1c5,Supermarket,1995
FDH58,Electronics,183.1,1954,41341361-cba5-4f02-b286-08c4629951d3,Supermarket,2000
FDS03,Food,248.14,9611,8444cea5-a9e2-4cc5-a0d3-fc82dceb882c,Supermarket,1996
DRF03,Food,457.82,969,63822650-b545-4f2b-8bbe-3690ef75b274,Fashion Store,2005
FDE02,Clothing,311.64,1220,e8689839-6034-4f6f-a104-1809f7a4486c,Fashion Store,2020
NCZ06,Food,302.58,8855,94554e87-e987-4dc3-861f-1c9fbcb44912,Online,2009
FDW49,Food,452.23,1529,df482742-dde3-4141-8cee-d9be08d69ee0,Fashion Store,1998
FDR23,Clothing,409.95,5603,7bf51a3a-700b-4736-a2f4-ef78251b298e,Supermarket,2002
NCJ29,Appliances,94.85,9728,c7fbef67-ab86-43ab-a437-d8c6bf42d83a,Online,2002
FDY35,Food,457.2,3453,e1319982-5e00-4e2f-be9d-e5d199e2f308,Supermarket,1990
FDZ01,Clothing,407.82,3442,c94e12e9-9b57-4f41-aaa1-440216de3b6a,Electronics Store,2007
FDX19,Clothing,422.93,3411,7596332e-3c29-4b08-8ef3-874e909e2b15,Electronics Store,2017
FDG44,Appliances,379.74,9327,1e439285-8233-45bc-828c-aef49797f652,Electronics Store,2017
FDQ23,Appliances,53.52,1847,941b20e4-c01f-4faa-b370-371ed5492566,Supermarket,2006
FDY22,Electronics,182.95,444,752b10ab-153d-40b8-988c-66ef8fda5337,Electronics Store,1999
NCN41,Food,74.99,4853,c0adfc9f-ae2a-4872-bbad-d496fa16304e,Supermarket,2009
FDA47,Appliances,483.73,2668,52b35d96-0bd8-4399-a3d1-be024f055548,Electronics Store,2010
NCD19,Food,363.01,3798,53b46718-c1f9-4386-9017-2fbf9fa85732,Electronics Store,2003
FDO36,Food,226.92,5181,46e48b54-121a-4aa6-a0d3-415f17008010,Online,2001
FDH20,Food,143.57,6220,ae8622bb-ad05-4c0f-a2ee-e4fee07248d2,Electronics Store,2015
FDN12,Clothing,152.09,3601,130aed7f-b657-4f58-b469-ae7e37e44f2d,Online,2002
NCJ30,Electronics,425.35,6597,6867f242-c8ad-44a1-9b8d-c38b65614693,Supermarket,1991
FDB09,Clothing,242.4,6789,ffdd6f78-dc08-49e5-8523-0b8cb25cd117,Fashion Store,1994
FDA09,Clothing,421.58,4518,99a704a2-81ab-46fd-94f8-1f486ab71956,Electronics Store,2018
FDL24,Appliances,310.36,5666,cd55fca8-89df-411c-9859-80544b5c47e9,Supermarket,2020
FDP03,Appliances,258.09,4142,4eaf3376-78b7-4ec1-8d3e-e87beee9942d,Electronics Store,2008
FDR58,Food,318.12,6876,2a0f951e-0d4b-487d-96de-41131374a548,Fashion Store,2008
FDO13,Electronics,85.23,2020,50a4118c-7c1d-4847-a902-5b425cda86ee,Supermarket,1998
DRD49,Clothing,249.61,1662,e6d54a67-b07a-4290-a653-600f7f5a6991,Online,2010
NCF42,Electronics,369.87,735,63838ab2-c759-47dc-b0d2-a1419a82a4b5,Supermarket,1991
DRK35,Food,173.65,2995,66574f4b-20f8-4e9e-9b5c-b50deba5423a,Online,1999
FDR58,Appliances,84.46,2295,bf7fcd31-b4b3-4edc-8924-d0b4795f12ea,Supermarket,1997
FDQ15,Clothing,292.3,4225,8f3a8acd-a142-439d-a1a6-1770078f30e5,Electronics Store,2010
NCP50,Clothing,428.75,365,028372d2-9db7-4ae6-9d36-8dc19a5e6fac,Supermarket,2019
FDV45,Appliances,163.72,9227,069087cc-a717-4974-9c53-47de5b2df870,Supermarket,2017
DRP35,Appliances,464.21,3278,98ad22f7-d5e3-4be8-aeb1-2400681945ff,Electronics Store,2020
FDN23,Appliances,460.8,9254,8f5f076a-2fe8-477e-955f-3d2a03604416,Supermarket,1993
FDS44,Food,90.21,348,ef31a9bf-1a58-4ed2-ad5c-8de350f0fcd4,Supermarket,2001
NCI54,Appliances,157.08,2203,cb27b189-7bd9-4368-8de6-6170d770a383,Electronics Store,2005
FDH40,Appliances,338.37,2805,caccad2b-103d-4924-bb51-888ccd4f4a55,Online,1997
FDF46,Food,118.85,4677,9cddd405-43a7-4118-8bad-fbb7b02d2c4e,Online,2004
FDA21,Clothing,203.26,3571,cf46204b-2897-4347-8ef4-55e35d5ff062,Online,2012
FDI41,Electronics,100.52,2281,1aa15c2f-cfe5-4d04-bcae-7a46c7746b80,Online,2015
FDE35,Food,403.33,7278,00776a2e-3276-4338-ba4a-dfab8f0f535c,Fashion Store,1995
DRJ24,Electronics,470.37,267,fd1ceb9a-ed6e-407c-a18b-15e4242f127c,Electronics Store,1992
NCK17,Appliances,245.15,1531,c9725d6b-6efb-47d5-a95f-6b7d9d9788ce,Electronics Store,1994
FDA15,Clothing,279.62,6032,44c72ced-bbc9-464a-88fb-8ef552864f1b,Fashion Store,2011
FDD36,Electronics,296.82,3123,eca9ccba-4cb9-497d-b779-5eafff512ecd,Electronics Store,2002
DRD60,Electronics,309.9,2276,c3c5141b-3682-47b9-ade7-044d0d2176fd,Online,2015
FDA46,Clothing,195.92,7342,43ea0691-51ba-4164-a621-de7bae706ecd,Supermarket,2002
NCO54,Clothing,296.23,3710,74d681ea-69f0-4101-a6c9-a200c4970343,Online,2013
FDL48,Appliances,419.22,5232,9ad218e1-985b-4b57-b2a6-da7675ebda67,Supermarket,1991
NCM19,Electronics,285.07,3633,a31bec90-3e90-4ce9-82d9-fb0620bd8370,Online,2010
FDS31,Appliances,288.92,857,6ac03a14-86ea-4bfa-9a5e-519b338101d5,Online,1995
FDV12,Clothing,484.96,3068,28edfad0-08be-410a-bcc6-71a247139e99,Fashion Store,1992
FDQ31,Electronics,245.71,4645,cd99b75f-5eb4-47bd-a688-ed8794b52931,Fashion Store,2007
FDK55,Clothing,237.34,4490,faefae5e-3385-48db-b9fc-ba774bb50b96,Fashion Store,2020
DRG15,Clothing,151.95,1997,97659589-70d4-4a5e-b0b8-4c706e742371,Supermarket,2019
NCR17,Food,172.31,9354,676e23fc-79e9-476b-9e72-097789a3c0bf,Electronics Store,2013
FDV01,Food,344.93,9525,61ba55f0-9c8e-4041-bdf7-a5691c2407bd,Electronics Store,1997
FDT21,Food,273.82,3583,72456b08-2086-489b-b788-91be87f752c7,Electronics Store,2008
FDT10,Appliances,82.08,2966,78543d49-22ec-48f3-91ba-fb8efb408781,Electronics Store,2007
FDL56,Appliances,247.61,2627,aa607a4c-7e21-4f40-9fb2-bfffca2f30b6,Fashion Store,2003
FDS49,Appliances,136.26,4579,9498e477-cb8a-4a4f-8190-ba5b92f0f931,Supermarket,2019
FDT32,Clothing,400.15,4436,23b84af6-edea-43a1-9e88-77c5abc10573,Supermarket,1996
NCX42,Food,148.23,1219,5fe56139-2f08-4949-b3bb-3576aa16f8ba,Supermarket,2020
FDX26,Electronics,339.18,6271,d49c1981-bf88-494b-8ac7-1315307c0214,Electronics Store,2000
FDN02,Appliances,302.14,6834,04f649f8-791a-4f84-80dd-306c48a66a12,Fashion Store,2015
FDJ40,Electronics,144.53,2770,9610773a-df06-40bf-8417-c6f1c8c38d7a,Fashion Store,2012
FDU13,Electronics,426.62,5648,ff45b848-8316-4dea-8b6b-9986e54baa40,Online,2003
DRE27,Clothing,268.63,9381,67d3beac-3d51-4d46-a464-a99538e0fd00,Supermarket,2000
FDS27,Electronics,340.23,8292,2ff781e7-1137-481a-8b0c-cac766734778,Fashion Store,1996
FDU44,Electronics,139.47,355,2cc2486a-d6af-4afe-93f5-f69e81993591,Fashion Store,2002
DRM59,Appliances,65.35,5865,685b1a75-2300-4c5a-9f2a-06e0d8d56b08,Supermarket,1998
FDT08,Appliances,463.74,2188,c02363b0-7a38-4af3-8730-fdfb22597cd1,Electronics Store,2019
FDL46,Appliances,303.85,6909,0139e519-f758-4a04-af66-0d35eb8319a7,Electronics Store,2015
NCV30,Clothing,223.64,5763,da04984b-826f-484c-b2ee-02eb82f6607c,Electronics Store,2013
FDP51,Clothing,131.67,2945,6a196f25-1d12-4e6f-8d66-7ba89c98d5a4,Supermarket,1993
FDA51,Clothing,263.57,9593,4f165ecd-5401-4de9-92b9-e5538f525fc0,Fashion Store,1992
FDM46,Electronics,205.29,3055,ca4a58f3-a51f-4874-891f-296aacd1ba69,Electronics Store,2003
FDK02,Electronics,385.95,8834,333e3cf7-57a8-4e94-835b-b21e59168469,Fashion Store,1994
FDJ57,Appliances,135.2,8361,515d1e19-1519-49d2-8a9f-30d319b0db2b,Supermarket,2001
FDJ45,Appliances,290.82,1487,a2727e64-5649-4c8b-8b3f-490dae4649a8,Electronics Store,2001
NCB31,Electronics,347.86,7810,284bff9c-7ee2-4b3c-bbb0-3515d375fad9,Online,2017
FDJ03,Clothing,68.91,1243,fb353db5-9c7b-440c-b4fa-7098f80e8523,Fashion Store,2006
FDT50,Electronics,272.63,4535,7e32eb9f-93eb-4135-a422-41dc53f092e3,Supermarket,2010
NCY41,Food,443.95,7330,7581f1f7-73c3-4dd0-bc55-2a1017ced0bc,Fashion Store,2017
FDJ60,Appliances,127.83,3096,5f25f872-9202-4605-a2c3-ddbfee2dea60,Fashion Store,2018
FDZ35,Food,452.15,702,b290af35-d55c-4b0c-a93a-34ba6a5d0d89,Fashion Store,2017
FDS21,Clothing,277.17,9943,b174b606-58e0-49e9-871a-622c1fbc47c4,Supermarket,1999
FDM52,Clothing,111.48,5721,706ca6de-16a0-40a0-baa9-2ce0e7bcc0e4,Online,2004
FDQ08,Appliances,162.66,229,ee9cb8f4-c97b-4391-b06c-7e4f954c1319,Electronics Store,1995
FDQ56,Appliances,245.55,6102,6c9115e4-3a82-4927-bf53-828151c1b365,Fashion Store,1999
FDS47,Appliances,186.99,4349,6d1fbbdf-eba9-4ffe-93e9-154e2fd5484f,Supermarket,1995
DRM48,Appliances,259.49,7075,01066333-2732-467c-8422-fad2e99077ef,Supermarket,1998
FDW46,Clothing,236.3,4728,80c21a08-0f13-49d2-8b51-ac2d1df6c611,Online,2017
FDW27,Electronics,78.9,5609,ba314474-f77d-477e-bdba-2c262a79ba51,Supermarket,2016
NCQ05,Clothing,186.59,8938,cc3dccd5-42de-452c-a69d-4f6d1091d67b,Supermarket,1993
FDU40,Appliances,234.83,3654,88aa558a-f4a8-4f4e-bd08-fa20438ddf75,Online,2009
DRE12,Food,388.27,7973,143cde83-a8af-4058-8788-4ce430a36e42,Fashion Store,2008
FDX35,Clothing,258.96,7075,5ffac222-b6fb-4777-a5d2-4045fbec1abe,Fashion Store,2005
FDD51,Electronics,164.13,3830,1c8177c0-11f2-44ba-aee9-829eea75cb57,Supermarket,2003
FDY27,Food,389.4,2316,0a46c315-e925-4240-a360-716a55294109,Fashion Store,1994
NCN06,Food,57.77,7589,b2ce3135-876a-4574-b8b3-15a0b95bd754,Electronics Store,2005
FDR57,Clothing,347.14,7855,1a0843f8-096d-4122-a62f-da1bcd882097,Online,1997
FDL32,Appliances,417.9,1109,1c8d612f-5707-4ebf-9e1c-6ed82362fe17,Online,2013
FDW46,Appliances,421.92,7680,abc7d7df-9646-4154-8465-5790e94cf020,Online,2004
NCO17,Appliances,220.32,269,15c38ce3-d553-4b57-8348-0b8d7f5fc7ff,Fashion Store,2014
FDR19,Appliances,153.68,1321,758ef4a2-e9fb-408d-a991-eacda39e3fb7,Online,2020
FDJ33,Clothing,403.84,881,773e331e-8623-4b77-b199-86caa62a4458,Online,2014
FDB15,Electronics,313.92,4557,75247dd4-6046-4e28-9ea0-244167e15f9d,Online,2018
FDA52,Food,128.97,4090,10d4cc8c-13a0-4854-8b5e-176accecca0c,Online,1998
FDZ08,Electronics,167.71,2835,c58f3973-ed51-4e8c-9a1a-78644de42232,Online,2014
FDR27,Appliances,298.35,3861,dfd7296c-fa65-463c-9c4f-5a7a6f3982b9,Supermarket,2003
NCK42,Appliances,279.65,7910,da40f17c-0b55-40d7-9906-7080128c843c,Fashion Store,2010
FDZ12,Food,296.27,4358,0a0032a4-1179-4bda-908b-db4e32619936,Online,1999
FDM60,Appliances,383.18,494,31d57689-70db-4b49-b59f-1ca4b61604c3,Online,1991
NCI31,Food,51.35,9245,45a18d5e-bb9c-4881-89ae-78092a3e81f6,Supermarket,2005
FDX39,Electronics,164.06,2494,7e5a6a9d-d254-4dd1-ad4f-c13e4cf8a314,Supermarket,2013
NCV05,Appliances,99.38,9096,7b4fd905-c1ad-4be6-a26a-3493e6f0a495,Supermarket,1996
FDX16,Electronics,328.59,7780,1c89b341-b3ad-4d55-92e4-4161cc452771,Fashion Store,1992
DRK12,Food,211.09,7013,e21d5f83-33e4-409e-b124-03745530d3fc,Electronics Store,1994
NCA05,Electronics,128.94,712,d1c08042-3a6e-4fb0-a7c6-328980ce5c40,Fashion Store,1991
DRG51,Electronics,321.87,2566,7a05f208-5bff-4845-bf1f-a524eea2c311,Electronics Store,2003
NCR30,Electronics,260.47,8079,3fb576dd-59f8-49bb-9f08-8461ad546ad9,Supermarket,2017
NCE31,Electronics,374.71,5955,c87d8762-ec93-404e-8df8-c1a19664d19a,Fashion Store,2014
FDM56,Appliances,355.65,2905,83e1d3fd-20a7-4355-b262-06f64035b617,Fashion Store,1994
FDP24,Appliances,481.71,5009,f0bd6d14-3d70-4ea2-a2d7-6ea77a64a98d,Fashion Store,2011
DRM37,Electronics,390.95,3386,f0430c34-7040-4c91-aa7c-ad2a48e12ff3,Fashion Store,2009
FDN56,Electronics,374.44,7760,9f614cd9-f099-43f0-aeaf-ee7c68363025,Fashion Store,2003
DRE60,Food,117.08,631,b66b26de-7f49-4b6d-845a-55a36b0ab1fa,Online,2002
FDW49,Food,225.43,4704,934750e7-b4a4-4b6b-9c2d-b60899aa081e,Online,2014
FDM20,Food,85.87,8250,d082c25c-afa0-4d4e-9ebe-8df08c86412f,Supermarket,1995
FDK15,Food,165.93,6437,1ed94a1a-d200-4ddc-828b-dd5b60e86235,Fashion Store,2009
FDK48,Electronics,50.26,7145,728d8d8e-e14d-43fe-b55f-b03b5f0bfbc7,Electronics Store,2020
FDO49,Electronics,60.54,4036,1ba6a618-992b-4f8f-82fe-a14a507ca2ed,Online,1995
FDC09,Food,52.58,5608,37ed7d89-8eb5-4a70-9e0d-452d5559a330,Online,1999
NCZ41,Electronics,205.01,317,b3abd649-602c-4aec-b573-32d0776df39c,Electronics Store,2008
FDP19,Appliances,356.38,8211,c5944dd0-83b6-4b5f-871e-d855e5d0cc87,Online,1994
FDQ24,Electronics,367.94,5853,5c4bcc2b-925f-4715-ae6a-983bd24c617c,Online,2019
DRL11,Clothing,209,9740,b1558fde-0e30-4dfe-aff6-24ecc9effc82,Fashion Store,2003
FDO36,Appliances,226.7,8730,57f51b44-01b3-4c75-b7bd-9cfa9cadeaba,Supermarket,1994
FDN52,Clothing,351.59,182,be14ead7-7fb0-4a89-92ef-857ed8fc39a3,Electronics Store,1996
FDF21,Electronics,111.06,6922,e8e3dc1f-ef41-442c-b99d-d9ce69d40062,Fashion Store,1999
FDU40,Food,161.82,779,e135e40d-9bef-4d72-b383-9780f12135cd,Online,2010
FDS51,Electronics,187.15,3237,a1aefab3-e131-46b9-a869-adfba39e68c3,Fashion Store,2018
FDE45,Appliances,205.26,1582,779e1d82-45d9-4f49-9db9-90ba7ffe9f2a,Online,1997
FDX50,Clothing,387.22,254,9f5a6587-965e-40ee-ae93-6d0309d5d343,Electronics Store,2006
NCN14,Appliances,398.22,3249,72fa5a80-59bf-44c8-9956-9c3b672abab7,Fashion Store,1998
FDQ21,Appliances,363.62,6081,e645ebfb-0776-4879-9ab2-c6997db89d44,Fashion Store,2016
FDV57,Electronics,208.33,3875,bc4478cf-a7b6-488c-ae79-c43f3ad1d2fd,Supermarket,2007
FDB44,Clothing,427.14,2147,5def82aa-9c93-4515-9f05-e77397d7f665,Electronics Store,2004
FDG52,Appliances,348.86,958,5ae2c830-7f0e-4b9e-898d-3a577a33756e,Fashion Store,2019
FDL38,Clothing,202.25,3406,34e45cb6-6ec5-450c-98e4-a0aa29a743c4,Electronics Store,2004
NCS54,Appliances,169.21,8326,327e09de-428e-420a-96b0-8170b99e8a58,Online,2016
DRL37,Clothing,272.2,5549,a955e29b-074d-4f0e-942d-d13f9c99f100,Electronics Store,1993
FDA43,Food,331.93,6842,48074b90-9a12-4055-ad2f-37f504037934,Supermarket,2006
FDZ39,Clothing,167.16,1221,18fe3a4d-1c5a-4f6f-b958-6a411d6d492c,Electronics Store,2005
FDG45,Electronics,289.86,2198,f05eeff4-0e0f-4205-839d-a6476ffa5f53,Online,2010
FDH10,Electronics,493.05,9738,373e47c8-6cfa-4725-956e-ec3ac83c277c,Supermarket,2007
FDO10,Electronics,414.88,3519,9cd4b6c3-a6c2-459c-b4d2-581a43d240cb,Electronics Store,1999
FDS35,Appliances,392.15,2615,dd59a7f6-490a-415b-9376-06ee6ab74ed8,Supermarket,2020
FDI41,Clothing,160.71,296,d867dbb3-e7d5-4bb5-94dc-a0569d9a16b6,Electronics Store,2008
FDN21,Electronics,142.89,4265,a06ef3e7-660d-4566-9c32-349ec439a2ab,Fashion Store,1993
NCO18,Clothing,187.09,3995,9e48d764-9171-410d-a3c5-35e4342443f5,Electronics Store,1993
FDB34,Appliances,140.84,8635,12f6f7a9-7f70-4af1-b86f-3104a3661b85,Electronics Store,2007
FDD05,Electronics,240.61,9296,7c98c1f6-7f0f-4b0e-84b4-b4d2bc975e12,Fashion Store,1992
FDX59,Clothing,450.4,3582,c2c3d01e-b501-4474-be85-858eeb6a61e3,Supermarket,2014
FDZ23,Food,96.02,815,09b659a7-5985-40c2-be44-e04d9afd8006,Electronics Store,2016
FDX27,Appliances,390.16,7217,090af568-5498-4bbc-9f34-74419cbcbf91,Supermarket,1998
FDV07,Appliances,202.93,2188,e90233c6-5dcf-410c-a5be-9b033ae5d808,Online,2014
FDR14,Clothing,166.41,1360,c000ea61-c06c-41ff-a716-6f041ccfc02b,Electronics Store,2001
FDO01,Food,316.52,1811,a7c05d3b-c155-40b6-821c-be40d96cc8a4,Fashion Store,2003
FDO13,Appliances,102.03,2559,83c3c75e-0b74-4a41-aa4e-deb27736154c,Electronics Store,2008
FDU25,Clothing,379.38,8530,bb9e8f92-ca00-4e6f-ae53-e57078b2e126,Online,1997
NCK54,Clothing,207.99,1738,ae350e50-ef91-4442-95fe-7bd659d807e1,Fashion Store,1994
FDZ56,Appliances,391.1,128,1b009ce6-5b20-4f77-8941-d36401f58dce,Electronics Store,1999
NCL55,Food,327.02,9829,f3e695c4-421b-49f1-9e99-e01778d2e1cc,Fashion Store,2004
FDD59,Food,272.1,6117,150e7e84-2511-45e4-8af6-4a5ee7c181a3,Fashion Store,2011
FDJ55,Food,376.92,6561,39e80a50-4fed-4f4f-8b58-1f7683363263,Supermarket,2018
FDA45,Food,291,3596,9f19e15e-3db5-4a78-aa84-16f729d6f47c,Supermarket,2004
DRF23,Food,114.21,3226,43d7254e-7730-407d-ab36-8da3e88bca38,Fashion Store,1997
FDT49,Electronics,102.13,8006,89029533-d824-41c7-b016-b21206a063cd,Supermarket,2014
NCO17,Appliances,301.09,4648,94605cbe-89af-4703-812d-e74e4337ef28,Fashion Store,2011
FDH22,Electronics,176.89,1148,dc204558-fba4-454f-aa10-454b888c22d3,Online,2009
FDT34,Food,343.43,630,6ff82f5c-0f26-4465-935c-672e00497bbc,Online,2009
FDB39,Electronics,338.88,7166,2363bd40-632d-4f2b-8541-1ce69020933f,Electronics Store,1994
FDQ22,Food,243.13,7750,c36db960-724b-439a-8b0f-603ca2477d7f,Online,2004
NCN43,Food,302.3,6175,7cf62213-5a49-404b-b6ec-e3edc6d3396c,Electronics Store,2006
FDG57,Food,242.84,8549,431f45b0-d66c-4dfc-814c-58b387fa57fe,Online,2016
FDR20,Electronics,353.11,851,f0239d0f-81ee-42e4-bdfe-024984b3367c,Electronics Store,1998
FDU22,Appliances,90.2,619,c3e725d3-2f99-401f-88be-8bd1e4a119c5,Supermarket,2009
NCC43,Electronics,388.97,9663,64121fca-e2b5-4856-9a2f-369129fafb37,Electronics Store,1990
FDP01,Electronics,282.93,4192,a6edb0cc-e9bd-49ad-9ee0-db921cf38db9,Online,1994
FDF52,Appliances,77.83,728,02030859-0c46-4b69-bbbd-b1d5f8eb5e5e,Online,1997
FDZ33,Electronics,120.4,9613,53c7f713-514e-4e54-8770-836b2ba42e78,Supermarket,1992
FDP48,Appliances,358.45,2646,4b9fc792-b2c2-4bb4-a59d-76761fe8f224,Supermarket,2000
FDW56,Electronics,261.7,3134,4011beca-6578-4dc3-a9ea-ab5e192a3dcd,Fashion Store,1995
FDC26,Electronics,278.3,5110,cf0b93ff-71f1-457a-88cd-50ef37b2416a,Fashion Store,2020
FDF34,Electronics,264.4,9185,142ad568-cc12-4ef8-ae1c-29d4411a96ea,Online,1992
FDJ33,Electronics,244.64,2402,d04eb1e1-398f-442b-96ea-e0c3774f436b,Online,2012
FDD04,Clothing,113.48,5949,b6b01fb7-9e56-41bc-a9a7-65207b589581,Online,2000
NCJ31,Clothing,332.3,9843,fa7cbc9d-01ea-4a57-90e0-407345074937,Supermarket,1991
FDO57,Clothing,189.4,2115,ab9659bf-b81d-4a41-b047-a9740f41f412,Electronics Store,1994
FDM36,Clothing,112.22,2504,c004dc88-1902-4cb6-858b-ee4024af78bd,Supermarket,1998
NCY05,Electronics,292.19,8572,5bc7ce14-660b-4914-9ac1-8434f5a3c2c4,Electronics Store,2017
FDS44,Food,453.61,6265,149a35d9-c8ff-4aa1-827b-73aae3050a7e,Online,1991
FDZ39,Appliances,446.57,3904,ddbdf30e-af03-45e5-be8d-0a65c4976899,Fashion Store,2015
NCM31,Electronics,284.24,8294,898642a4-e8e1-4e44-bc90-6ca99eaa93c5,Supermarket,1999
DRK11,Food,285.5,8911,4c791c81-7266-43c1-9400-33a18c6a909e,Fashion Store,2008
FDO34,Clothing,114.78,8743,ae4373c0-81ad-45a3-8112-537c3f2b9b7a,Electronics Store,2008
NCL30,Food,475.58,8411,29d4129a-5d9e-47d6-bdcd-27b1ecbedecb,Online,2013
FDK28,Appliances,133.32,205,28cf3017-57e8-4f78-b639-6bbd7e033753,Fashion Store,2018
DRJ39,Clothing,134.02,2261,34744686-00d5-4821-9119-a92798a69c42,Online,2018
NCP06,Electronics,383.21,2788,56e777f5-1bf6-412c-88cf-aa0ceac20c49,Electronics Store,1999
